This is pdfTeX, Version 3.14159265-2.6-1.40.21 (TeX Live 2020/Debian) (preloaded format=pdflatex 2025.2.16)  16 FEB 2025 21:32
entering extended mode
 restricted \write18 enabled.
 %&-line parsing enabled.
**refman
(./refman.tex
LaTeX2e <2020-10-01> patch level 4
L3 programming layer <2021-01-09> xparse <2020-03-03>
(/usr/share/texlive/texmf-dist/tex/latex/base/book.cls
Document Class: book 2020/04/10 v1.4m Standard LaTeX document class
(/usr/share/texlive/texmf-dist/tex/latex/base/bk10.clo
File: bk10.clo 2020/04/10 v1.4m Standard LaTeX file (size option)
)
\c@part=\count177
\c@chapter=\count178
\c@section=\count179
\c@subsection=\count180
\c@subsubsection=\count181
\c@paragraph=\count182
\c@subparagraph=\count183
\c@figure=\count184
\c@table=\count185
\abovecaptionskip=\skip47
\belowcaptionskip=\skip48
\bibindent=\dimen138
)
(/usr/share/texlive/texmf-dist/tex/latex/base/ifthen.sty
Package: ifthen 2014/09/29 v1.1c Standard LaTeX ifthen package (DPC)
)
(/usr/share/texlive/texmf-dist/tex/latex/tools/array.sty
Rollback for package 'array' requested -> date 2016-10-06.
         Best approximation is the release introduced on 2016-10-06.

(/usr/share/texlive/texmf-dist/tex/latex/tools/array-2016-10-06.sty
Package: array 2016/10/06 v2.4d Tabular extension package (FMi)
\col@sep=\dimen139
\extrarowheight=\dimen140
\NC@list=\toks15
\extratabsurround=\skip49
\backup@length=\skip50
))
(/usr/share/texlive/texmf-dist/tex/latex/base/fixltx2e.sty
Package: fixltx2e 2016/12/29 v2.1a fixes to LaTeX (obsolete)
Applying: [2015/01/01] Old fixltx2e package on input line 46.


Package fixltx2e Warning: fixltx2e is not required with releases after 2015
(fixltx2e)                All fixes are now in the LaTeX kernel.
(fixltx2e)                See the latexrelease package for details.

Already applied: [0000/00/00] Old fixltx2e package on input line 53.
) (./doxygen.sty
Package: doxygen 
 (/usr/share/texlive/texmf-dist/tex/latex/base/alltt.sty
Package: alltt 1997/06/16 v2.0g defines alltt environment
)
(/usr/share/texlive/texmf-dist/tex/latex/tools/calc.sty
Package: calc 2017/05/25 v4.3 Infix arithmetic (KKT,FJ)
\calc@Acount=\count186
\calc@Bcount=\count187
\calc@Adimen=\dimen141
\calc@Bdimen=\dimen142
\calc@Askip=\skip51
\calc@Bskip=\skip52
LaTeX Info: Redefining \setlength on input line 80.
LaTeX Info: Redefining \addtolength on input line 81.
\calc@Ccount=\count188
\calc@Cskip=\skip53
)
(/usr/share/texlive/texmf-dist/tex/latex/float/float.sty
Package: float 2001/11/08 v1.3d Float enhancements (AL)
\c@float@type=\count189
\float@exts=\toks16
\float@box=\box47
\@float@everytoks=\toks17
\@floatcapt=\box48
)
(/usr/share/texlive/texmf-dist/tex/latex/tools/verbatim.sty
Package: verbatim 2020-07-07 v1.5u LaTeX2e package for verbatim enhancements
\every@verbatim=\toks18
\verbatim@line=\toks19
\verbatim@in@stream=\read2
)
(/usr/share/texlive/texmf-dist/tex/latex/xcolor/xcolor.sty
Package: xcolor 2016/05/11 v2.12 LaTeX color extensions (UK)

(/usr/share/texlive/texmf-dist/tex/latex/graphics-cfg/color.cfg
File: color.cfg 2016/01/02 v1.6 sample color configuration
)
Package xcolor Info: Driver file: pdftex.def on input line 225.

(/usr/share/texlive/texmf-dist/tex/latex/graphics-def/pdftex.def
File: pdftex.def 2020/10/05 v1.2a Graphics/color driver for pdftex
)
(/usr/share/texlive/texmf-dist/tex/latex/colortbl/colortbl.sty
Package: colortbl 2020/01/04 v1.0e Color table columns (DPC)
\everycr=\toks20
\minrowclearance=\skip54
)
\rownum=\count190
Package xcolor Info: Model `cmy' substituted by `cmy0' on input line 1348.
Package xcolor Info: Model `hsb' substituted by `rgb' on input line 1352.
Package xcolor Info: Model `RGB' extended on input line 1364.
Package xcolor Info: Model `HTML' substituted by `rgb' on input line 1366.
Package xcolor Info: Model `Hsb' substituted by `hsb' on input line 1367.
Package xcolor Info: Model `tHsb' substituted by `hsb' on input line 1368.
Package xcolor Info: Model `HSB' substituted by `hsb' on input line 1369.
Package xcolor Info: Model `Gray' substituted by `gray' on input line 1370.
Package xcolor Info: Model `wave' substituted by `hsb' on input line 1371.
)
(./longtable_doxygen.sty
Package: longtable_doxygen 2014/10/28 v4.11 Multi-page Table package (DPC) - fr
ozen version for doxygen
\LTleft=\skip55
\LTright=\skip56
\LTpre=\skip57
\LTpost=\skip58
\LTchunksize=\count191
\LTcapwidth=\dimen143
\LT@head=\box49
\LT@firsthead=\box50
\LT@foot=\box51
\LT@lastfoot=\box52
\LT@cols=\count192
\LT@rows=\count193
\c@LT@tables=\count194
\c@LT@chunks=\count195
\LT@p@ftn=\toks21
) (./tabu_doxygen.sty
Package: tabu_doxygen 2011/02/26 v2.8 - flexible LaTeX tabulars (FC), frozen ve
rsion for doxygen

(/usr/share/texlive/texmf-dist/tex/latex/varwidth/varwidth.sty
Package: varwidth 2009/03/30 ver 0.92;  Variable-width minipages
\@vwid@box=\box53
\sift@deathcycles=\count196
\@vwid@loff=\dimen144
\@vwid@roff=\dimen145
)
\c@taburow=\count197
\tabu@nbcols=\count198
\tabu@cnt=\count199
\tabu@Xcol=\count266
\tabu@alloc=\count267
\tabu@nested=\count268
\tabu@target=\dimen146
\tabu@spreadtarget=\dimen147
\tabu@naturalX=\dimen148
\tabucolX=\dimen149
\tabu@Xsum=\dimen150
\extrarowdepth=\dimen151
\abovetabulinesep=\dimen152
\belowtabulinesep=\dimen153
\tabustrutrule=\dimen154
\tabu@thebody=\toks22
\tabu@footnotes=\toks23
\tabu@box=\box54
\tabu@arstrutbox=\box55
\tabu@hleads=\box56
\tabu@vleads=\box57
\tabu@cellskip=\skip59
)
(/usr/share/texlive/texmf-dist/tex/latex/fancyvrb/fancyvrb.sty
Package: fancyvrb 2021/01/20 v3.7 verbatim text (tvz,hv)

(/usr/share/texlive/texmf-dist/tex/latex/graphics/keyval.sty
Package: keyval 2014/10/28 v1.15 key=value parser (DPC)
\KV@toks@=\toks24
)
\FV@CodeLineNo=\count269
\FV@InFile=\read3
\FV@TabBox=\box58
\c@FancyVerbLine=\count270
\FV@StepNumber=\count271
\FV@OutFile=\write3
)
(/usr/share/texlive/texmf-dist/tex/latex/tools/tabularx.sty
Package: tabularx 2020/01/15 v2.11c `tabularx' package (DPC)
\TX@col@width=\dimen155
\TX@old@table=\dimen156
\TX@old@col=\dimen157
\TX@target=\dimen158
\TX@delta=\dimen159
\TX@cols=\count272
\TX@ftn=\toks25
)
(/usr/share/texlive/texmf-dist/tex/latex/tools/multicol.sty
Package: multicol 2019/12/09 v1.8y multicolumn formatting (FMi)
\c@tracingmulticols=\count273
\mult@box=\box59
\multicol@leftmargin=\dimen160
\c@unbalance=\count274
\c@collectmore=\count275
\doublecol@number=\count276
\multicoltolerance=\count277
\multicolpretolerance=\count278
\full@width=\dimen161
\page@free=\dimen162
\premulticols=\dimen163
\postmulticols=\dimen164
\multicolsep=\skip60
\multicolbaselineskip=\skip61
\partial@page=\box60
\last@line=\box61
\maxbalancingoverflow=\dimen165
\mult@rightbox=\box62
\mult@grightbox=\box63
\mult@gfirstbox=\box64
\mult@firstbox=\box65
\@tempa=\box66
\@tempa=\box67
\@tempa=\box68
\@tempa=\box69
\@tempa=\box70
\@tempa=\box71
\@tempa=\box72
\@tempa=\box73
\@tempa=\box74
\@tempa=\box75
\@tempa=\box76
\@tempa=\box77
\@tempa=\box78
\@tempa=\box79
\@tempa=\box80
\@tempa=\box81
\@tempa=\box82
\@tempa=\box83
\@tempa=\box84
\@tempa=\box85
\@tempa=\box86
\@tempa=\box87
\@tempa=\box88
\@tempa=\box89
\@tempa=\box90
\@tempa=\box91
\@tempa=\box92
\@tempa=\box93
\@tempa=\box94
\@tempa=\box95
\@tempa=\box96
\@tempa=\box97
\@tempa=\box98
\@tempa=\box99
\@tempa=\box100
\@tempa=\box101
\@tempa=\box102
\c@minrows=\count279
\c@columnbadness=\count280
\c@finalcolumnbadness=\count281
\last@try=\dimen166
\multicolovershoot=\dimen167
\multicolundershoot=\dimen168
\mult@nat@firstbox=\box103
\colbreak@box=\box104
\mc@col@check@num=\count282
)
(/usr/share/texlive/texmf-dist/tex/latex/multirow/multirow.sty
Package: multirow 2021/01/29 v2.7 Span multiple rows of a table
\multirow@colwidth=\skip62
\multirow@cntb=\count283
\multirow@dima=\skip63
\bigstrutjot=\dimen169
)
(/usr/share/texlive/texmf-dist/tex/latex/hanging/hanging.sty
Package: hanging 2009/09/02 v1.2b hanging paragraphs and punctuation
\h@ngcommawd=\skip64
\h@ngfstopwd=\skip65
\h@ngquotewd=\skip66
\h@ngdquotewd=\skip67
\h@ngquerywd=\skip68
\h@ngexclwd=\skip69
\h@ngcolonwd=\skip70
\h@ngscolonwd=\skip71
)
(/usr/share/texlive/texmf-dist/tex/generic/iftex/ifpdf.sty
Package: ifpdf 2019/10/25 v3.4 ifpdf legacy package. Use iftex instead.

(/usr/share/texlive/texmf-dist/tex/generic/iftex/iftex.sty
Package: iftex 2020/03/06 v1.0d TeX engine tests
))
(/usr/share/texlive/texmf-dist/tex/latex/adjustbox/adjustbox.sty
Package: adjustbox 2020/08/19 v1.3 Adjusting TeX boxes (trim, clip, ...)

(/usr/share/texlive/texmf-dist/tex/latex/xkeyval/xkeyval.sty
Package: xkeyval 2020/11/20 v2.8 package option processing (HA)

(/usr/share/texlive/texmf-dist/tex/generic/xkeyval/xkeyval.tex
(/usr/share/texlive/texmf-dist/tex/generic/xkeyval/xkvutils.tex
\XKV@toks=\toks26
\XKV@tempa@toks=\toks27
)
\XKV@depth=\count284
File: xkeyval.tex 2014/12/03 v2.7a key=value parser (HA)
))
(/usr/share/texlive/texmf-dist/tex/latex/adjustbox/adjcalc.sty
Package: adjcalc 2012/05/16 v1.1 Provides advanced setlength with multiple back
-ends (calc, etex, pgfmath)
)
(/usr/share/texlive/texmf-dist/tex/latex/adjustbox/trimclip.sty
Package: trimclip 2020/08/19 v1.2 Trim and clip general TeX material

(/usr/share/texlive/texmf-dist/tex/latex/graphics/graphicx.sty
Package: graphicx 2020/09/09 v1.2b Enhanced LaTeX Graphics (DPC,SPQR)

(/usr/share/texlive/texmf-dist/tex/latex/graphics/graphics.sty
Package: graphics 2020/08/30 v1.4c Standard LaTeX Graphics (DPC,SPQR)

(/usr/share/texlive/texmf-dist/tex/latex/graphics/trig.sty
Package: trig 2016/01/03 v1.10 sin cos tan (DPC)
)
(/usr/share/texlive/texmf-dist/tex/latex/graphics-cfg/graphics.cfg
File: graphics.cfg 2016/06/04 v1.11 sample graphics configuration
)
Package graphics Info: Driver file: pdftex.def on input line 105.
)
\Gin@req@height=\dimen170
\Gin@req@width=\dimen171
)
(/usr/share/texlive/texmf-dist/tex/latex/collectbox/collectbox.sty
Package: collectbox 2012/05/17 v0.4b Collect macro arguments as boxes
\collectedbox=\box105
)
\tc@llx=\dimen172
\tc@lly=\dimen173
\tc@urx=\dimen174
\tc@ury=\dimen175
Package trimclip Info: Using driver 'tc-pdftex.def'.

(/usr/share/texlive/texmf-dist/tex/latex/adjustbox/tc-pdftex.def
File: tc-pdftex.def 2019/01/04 v2.2 Clipping driver for pdftex
))
\adjbox@Width=\dimen176
\adjbox@Height=\dimen177
\adjbox@Depth=\dimen178
\adjbox@Totalheight=\dimen179
\adjbox@pwidth=\dimen180
\adjbox@pheight=\dimen181
\adjbox@pdepth=\dimen182
\adjbox@ptotalheight=\dimen183

(/usr/share/texlive/texmf-dist/tex/latex/ifoddpage/ifoddpage.sty
Package: ifoddpage 2016/04/23 v1.1 Conditionals for odd/even page detection
\c@checkoddpage=\count285
))
(/usr/share/texlive/texmf-dist/tex/latex/amsfonts/amssymb.sty
Package: amssymb 2013/01/14 v3.01 AMS font symbols

(/usr/share/texlive/texmf-dist/tex/latex/amsfonts/amsfonts.sty
Package: amsfonts 2013/01/14 v3.01 Basic AMSFonts support
\@emptytoks=\toks28
\symAMSa=\mathgroup4
\symAMSb=\mathgroup5
LaTeX Font Info:    Redeclaring math symbol \hbar on input line 98.
LaTeX Font Info:    Overwriting math alphabet `\mathfrak' in version `bold'
(Font)                  U/euf/m/n --> U/euf/b/n on input line 106.
))
(/usr/share/texlive/texmf-dist/tex/latex/stackengine/stackengine.sty
Package: stackengine 2017/02/13 v4.01\ Stacking text and objects in convenient 
ways

(/usr/share/texlive/texmf-dist/tex/latex/etoolbox/etoolbox.sty
Package: etoolbox 2020/10/05 v2.5k e-TeX tools for LaTeX (JAW)
\etb@tempcnta=\count286
)
(/usr/share/texlive/texmf-dist/tex/generic/listofitems/listofitems.sty
(/usr/share/texlive/texmf-dist/tex/generic/listofitems/listofitems.tex
\loi_cnt_foreach_nest=\count287
\loi_nestcnt=\count288
)
Package: listofitems 2019/08/21 v1.63 Grab items in lists using user-specified 
sep char (CT)
)
\c@@stackindex=\count289
\@boxshift=\skip72
\stack@tmplength=\skip73
\temp@stkl=\skip74
\@stackedboxwidth=\skip75
\@addedbox=\box106
\@anchorbox=\box107
\stackedbox=\box108
\@centerbox=\box109
\c@ROWcellindex@=\count290
)
(/usr/share/texlive/texmf-dist/tex/generic/ulem/ulem.sty
\UL@box=\box110
\UL@hyphenbox=\box111
\UL@skip=\skip76
\UL@hook=\toks29
\UL@height=\dimen184
\UL@pe=\count291
\UL@pixel=\dimen185
\ULC@box=\box112
Package: ulem 2019/11/18
\ULdepth=\dimen186
)
\xrefbox=\box113
\xreflength=\skip77
\CodeWidthChar=\skip78
\CodeHeightChar=\skip79
\DoxyCodeWidth=\skip80
)
(/usr/share/texlive/texmf-dist/tex/latex/base/inputenc.sty
Package: inputenc 2020/08/01 v1.3d Input encoding file
\inpenc@prehook=\toks30
\inpenc@posthook=\toks31
)
(/usr/share/texlive/texmf-dist/tex/latex/base/makeidx.sty
Package: makeidx 2014/09/29 v1.0m Standard LaTeX package
)
(/usr/share/texlive/texmf-dist/tex/latex/base/textcomp.sty
Package: textcomp 2020/02/02 v2.0n Standard LaTeX package
)
(/usr/share/texlive/texmf-dist/tex/latex/wasysym/wasysym.sty
Package: wasysym 2020/01/19 v2.4 Wasy-2 symbol support package
\symwasy=\mathgroup6
LaTeX Font Info:    Overwriting symbol font `wasy' in version `bold'
(Font)                  U/wasy/m/n --> U/wasy/b/n on input line 93.
)
(/usr/share/texlive/texmf-dist/tex/generic/iftex/ifxetex.sty
Package: ifxetex 2019/10/25 v0.7 ifxetex legacy package. Use iftex instead.
)
(/usr/share/texlive/texmf-dist/tex/latex/base/fontenc.sty
Package: fontenc 2020/08/10 v2.0s Standard LaTeX package
)
(/usr/share/texlive/texmf-dist/tex/latex/psnfss/helvet.sty
Package: helvet 2020/03/25 PSNFSS-v9.3 (WaS) 
)
(/usr/share/texlive/texmf-dist/tex/latex/psnfss/courier.sty
Package: courier 2020/03/25 PSNFSS-v9.3 (WaS) 
)
(/usr/share/texlive/texmf-dist/tex/latex/sectsty/sectsty.sty
Package: sectsty 2002/02/25 v2.0.2 Commands to change all sectional heading sty
les


LaTeX Warning: Command \underbar  has changed.
               Check if current package is valid.


LaTeX Warning: Command \underline  has changed.
               Check if current package is valid.

) (/usr/share/texlive/texmf-dist/tex/latex/geometry/geometry.sty
Package: geometry 2020/01/02 v5.9 Page Geometry

(/usr/share/texlive/texmf-dist/tex/generic/iftex/ifvtex.sty
Package: ifvtex 2019/10/25 v1.7 ifvtex legacy package. Use iftex instead.
)
\Gm@cnth=\count292
\Gm@cntv=\count293
\c@Gm@tempcnt=\count294
\Gm@bindingoffset=\dimen187
\Gm@wd@mp=\dimen188
\Gm@odd@mp=\dimen189
\Gm@even@mp=\dimen190
\Gm@layoutwidth=\dimen191
\Gm@layoutheight=\dimen192
\Gm@layouthoffset=\dimen193
\Gm@layoutvoffset=\dimen194
\Gm@dimlist=\toks32
)
(/usr/share/texlive/texmf-dist/tex/latex/fancyhdr/fancyhdr.sty
Package: fancyhdr 2021/01/04 v4.0 Extensive control of page headers and footers

\f@nch@headwidth=\skip81
\f@nch@O@elh=\skip82
\f@nch@O@erh=\skip83
\f@nch@O@olh=\skip84
\f@nch@O@orh=\skip85
\f@nch@O@elf=\skip86
\f@nch@O@erf=\skip87
\f@nch@O@olf=\skip88
\f@nch@O@orf=\skip89
)
(/usr/share/texlive/texmf-dist/tex/latex/natbib/natbib.sty
Package: natbib 2010/09/13 8.31b (PWD, AO)
\bibhang=\skip90
\bibsep=\skip91
LaTeX Info: Redefining \cite on input line 694.
\c@NAT@ctr=\count295
)
(/usr/share/texlive/texmf-dist/tex/latex/tocloft/tocloft.sty
Package: tocloft 2017/08/31 v2.3i parameterised ToC, etc., typesetting
Package tocloft Info: The document has chapter divisions on input line 51.
\cftparskip=\skip92
\cftbeforetoctitleskip=\skip93
\cftaftertoctitleskip=\skip94
\cftbeforepartskip=\skip95
\cftpartnumwidth=\skip96
\cftpartindent=\skip97
\cftbeforechapskip=\skip98
\cftchapindent=\skip99
\cftchapnumwidth=\skip100
\cftbeforesecskip=\skip101
\cftsecindent=\skip102
\cftsecnumwidth=\skip103
\cftbeforesubsecskip=\skip104
\cftsubsecindent=\skip105
\cftsubsecnumwidth=\skip106
\cftbeforesubsubsecskip=\skip107
\cftsubsubsecindent=\skip108
\cftsubsubsecnumwidth=\skip109
\cftbeforeparaskip=\skip110
\cftparaindent=\skip111
\cftparanumwidth=\skip112
\cftbeforesubparaskip=\skip113
\cftsubparaindent=\skip114
\cftsubparanumwidth=\skip115
\cftbeforeloftitleskip=\skip116
\cftafterloftitleskip=\skip117
\cftbeforefigskip=\skip118
\cftfigindent=\skip119
\cftfignumwidth=\skip120
\c@lofdepth=\count296
\c@lotdepth=\count297
\cftbeforelottitleskip=\skip121
\cftafterlottitleskip=\skip122
\cftbeforetabskip=\skip123
\cfttabindent=\skip124
\cfttabnumwidth=\skip125
)
\@indexfile=\write4
\openout4 = `refman.idx'.


Writing index file refman.idx
(/usr/share/texlive/texmf-dist/tex/latex/newunicodechar/newunicodechar.sty
Package: newunicodechar 2018/04/08 v1.2 Defining Unicode characters
)

Package newunicodechar Warning: Redefining Unicode character on input line 115.



Package newunicodechar Warning: Redefining Unicode character on input line 116.


(/usr/share/texlive/texmf-dist/tex/latex/hyperref/hyperref.sty
Package: hyperref 2020-05-15 v7.00e Hypertext links for LaTeX

(/usr/share/texlive/texmf-dist/tex/generic/ltxcmds/ltxcmds.sty
Package: ltxcmds 2020-05-10 v1.25 LaTeX kernel commands for general use (HO)
)
(/usr/share/texlive/texmf-dist/tex/generic/pdftexcmds/pdftexcmds.sty
Package: pdftexcmds 2020-06-27 v0.33 Utility functions of pdfTeX for LuaTeX (HO
)

(/usr/share/texlive/texmf-dist/tex/generic/infwarerr/infwarerr.sty
Package: infwarerr 2019/12/03 v1.5 Providing info/warning/error messages (HO)
)
Package pdftexcmds Info: \pdf@primitive is available.
Package pdftexcmds Info: \pdf@ifprimitive is available.
Package pdftexcmds Info: \pdfdraftmode found.
)
(/usr/share/texlive/texmf-dist/tex/generic/kvsetkeys/kvsetkeys.sty
Package: kvsetkeys 2019/12/15 v1.18 Key value parser (HO)
)
(/usr/share/texlive/texmf-dist/tex/generic/kvdefinekeys/kvdefinekeys.sty
Package: kvdefinekeys 2019-12-19 v1.6 Define keys (HO)
)
(/usr/share/texlive/texmf-dist/tex/generic/pdfescape/pdfescape.sty
Package: pdfescape 2019/12/09 v1.15 Implements pdfTeX's escape features (HO)
)
(/usr/share/texlive/texmf-dist/tex/latex/hycolor/hycolor.sty
Package: hycolor 2020-01-27 v1.10 Color options for hyperref/bookmark (HO)
)
(/usr/share/texlive/texmf-dist/tex/latex/letltxmacro/letltxmacro.sty
Package: letltxmacro 2019/12/03 v1.6 Let assignment for LaTeX macros (HO)
)
(/usr/share/texlive/texmf-dist/tex/latex/auxhook/auxhook.sty
Package: auxhook 2019-12-17 v1.6 Hooks for auxiliary files (HO)
)
(/usr/share/texlive/texmf-dist/tex/latex/kvoptions/kvoptions.sty
Package: kvoptions 2020-10-07 v3.14 Key value format for package options (HO)
)
\@linkdim=\dimen195
\Hy@linkcounter=\count298
\Hy@pagecounter=\count299

(/usr/share/texlive/texmf-dist/tex/latex/hyperref/pd1enc.def
File: pd1enc.def 2020-05-15 v7.00e Hyperref: PDFDocEncoding definition (HO)
Now handling font encoding PD1 ...
... no UTF-8 mapping file for font encoding PD1
)
(/usr/share/texlive/texmf-dist/tex/generic/intcalc/intcalc.sty
Package: intcalc 2019/12/15 v1.3 Expandable calculations with integers (HO)
)
(/usr/share/texlive/texmf-dist/tex/generic/etexcmds/etexcmds.sty
Package: etexcmds 2019/12/15 v1.7 Avoid name clashes with e-TeX commands (HO)
)
\Hy@SavedSpaceFactor=\count300
Package hyperref Info: Hyper figures OFF on input line 4464.
Package hyperref Info: Link nesting OFF on input line 4469.
Package hyperref Info: Hyper index ON on input line 4472.
Package hyperref Info: Plain pages OFF on input line 4479.
Package hyperref Info: Backreferencing ON on input line 4482.
Package hyperref Info: Implicit mode ON; LaTeX internals redefined.
Package hyperref Info: Bookmarks ON on input line 4717.

(/usr/share/texlive/texmf-dist/tex/latex/hyperref/backref.sty
Package: backref 2020/01/14 v1.40 Bibliographical back referencing

(/usr/share/texlive/texmf-dist/tex/latex/rerunfilecheck/rerunfilecheck.sty
Package: rerunfilecheck 2019/12/05 v1.9 Rerun checks for auxiliary files (HO)

(/usr/share/texlive/texmf-dist/tex/latex/base/atveryend-ltx.sty
Package: atveryend-ltx 2020/08/19 v1.0a Emulation of the original atvery packag
e
with kernel methods
)
(/usr/share/texlive/texmf-dist/tex/generic/uniquecounter/uniquecounter.sty
Package: uniquecounter 2019/12/15 v1.4 Provide unlimited unique counter (HO)

(/usr/share/texlive/texmf-dist/tex/generic/bigintcalc/bigintcalc.sty
Package: bigintcalc 2019/12/15 v1.5 Expandable calculations on big integers (HO
)
))
Package uniquecounter Info: New unique counter `rerunfilecheck' on input line 2
86.
))
\c@Hy@tempcnt=\count301

(/usr/share/texlive/texmf-dist/tex/latex/url/url.sty
\Urlmuskip=\muskip16
Package: url 2013/09/16  ver 3.4  Verb mode for urls, etc.
)
LaTeX Info: Redefining \url on input line 5076.
\XeTeXLinkMargin=\dimen196

(/usr/share/texlive/texmf-dist/tex/generic/bitset/bitset.sty
Package: bitset 2019/12/09 v1.3 Handle bit-vector datatype (HO)
)
\Fld@menulength=\count302
\Field@Width=\dimen197
\Fld@charsize=\dimen198
Package hyperref Info: Hyper figures OFF on input line 6347.
Package hyperref Info: Link nesting OFF on input line 6352.
Package hyperref Info: Hyper index ON on input line 6355.
Package hyperref Info: backreferencing ON on input line 6360.
Package hyperref Info: Link coloring OFF on input line 6367.
Package hyperref Info: Link coloring with OCG OFF on input line 6372.
Package hyperref Info: PDF/A mode OFF on input line 6377.
LaTeX Info: Redefining \ref on input line 6417.
LaTeX Info: Redefining \pageref on input line 6421.

(/usr/share/texlive/texmf-dist/tex/latex/base/atbegshi-ltx.sty
Package: atbegshi-ltx 2020/08/17 v1.0a Emulation of the original atbegshi packa
ge
with kernel methods
)
\Hy@abspage=\count303
\c@Item=\count304
\c@Hfootnote=\count305
)
Package hyperref Info: Driver: hpdftex.

(/usr/share/texlive/texmf-dist/tex/latex/hyperref/hpdftex.def
File: hpdftex.def 2020-05-15 v7.00e Hyperref driver for pdfTeX
\Fld@listcount=\count306
\c@bookmark@seq@number=\count307
\Hy@SectionHShift=\skip126
)
Package hyperref Info: Option `colorlinks' set `true' on input line 134.
Package hyperref Info: Option `unicode' set `true' on input line 134.

(/usr/share/texlive/texmf-dist/tex/latex/hyperref/puenc.def
File: puenc.def 2020-05-15 v7.00e Hyperref: PDF Unicode definition (HO)
Now handling font encoding PU ...
... no UTF-8 mapping file for font encoding PU
)
(/usr/share/texlive/texmf-dist/tex/latex/caption/caption.sty
Package: caption 2020/10/26 v3.5g Customizing captions (AR)

(/usr/share/texlive/texmf-dist/tex/latex/caption/caption3.sty
Package: caption3 2020/10/21 v2.2e caption3 kernel (AR)
\captionmargin=\dimen199
\captionmargin@=\dimen256
\captionwidth=\dimen257
\caption@tempdima=\dimen258
\caption@indent=\dimen259
\caption@parindent=\dimen260
\caption@hangindent=\dimen261
Package caption Info: Standard document class detected.
)
\c@caption@flags=\count308
\c@continuedfloat=\count309
Package caption Info: float package is loaded.
Package caption Info: hyperref package is loaded.
Package caption Info: longtable package is loaded.

(/usr/share/texlive/texmf-dist/tex/latex/caption/ltcaption.sty
Package: ltcaption 2020/05/30 v1.4b longtable captions (AR)
))
(/usr/share/texlive/texmf-dist/tex/latex/etoc/etoc.sty
Package: etoc 2020/05/15 v1.09c Completely customisable TOCs (JFB)
\Etoc@toctoks=\toks33
\c@etoc@tocid=\count310
\c@etoc@tocdepth=\count311
\etoc@framed@titlebox=\box114
\etoc@framed@contentsbox=\box115
)
LaTeX Font Info:    Trying to load font information for T1+phv on input line 14
9.

(/usr/share/texlive/texmf-dist/tex/latex/psnfss/t1phv.fd
File: t1phv.fd 2020/03/25 scalable font definitions for T1/phv.
)
LaTeX Font Info:    Font shape `T1/phv/m/n' will be
(Font)              scaled to size 8.99994pt on input line 149.

(/usr/share/texlive/texmf-dist/tex/latex/l3backend/l3backend-pdftex.def
File: l3backend-pdftex.def 2020-01-29 L3 backend support: PDF output (pdfTeX)
\l__color_backend_stack_int=\count312
\l__pdf_internal_box=\box116
)
(./refman.aux)
\openout1 = `refman.aux'.

LaTeX Font Info:    Checking defaults for OML/cmm/m/it on input line 149.
LaTeX Font Info:    ... okay on input line 149.
LaTeX Font Info:    Checking defaults for OMS/cmsy/m/n on input line 149.
LaTeX Font Info:    ... okay on input line 149.
LaTeX Font Info:    Checking defaults for OT1/cmr/m/n on input line 149.
LaTeX Font Info:    ... okay on input line 149.
LaTeX Font Info:    Checking defaults for T1/cmr/m/n on input line 149.
LaTeX Font Info:    ... okay on input line 149.
LaTeX Font Info:    Checking defaults for TS1/cmr/m/n on input line 149.
LaTeX Font Info:    ... okay on input line 149.
LaTeX Font Info:    Checking defaults for OMX/cmex/m/n on input line 149.
LaTeX Font Info:    ... okay on input line 149.
LaTeX Font Info:    Checking defaults for U/cmr/m/n on input line 149.
LaTeX Font Info:    ... okay on input line 149.
LaTeX Font Info:    Checking defaults for PD1/pdf/m/n on input line 149.
LaTeX Font Info:    ... okay on input line 149.
LaTeX Font Info:    Checking defaults for PU/pdf/m/n on input line 149.
LaTeX Font Info:    ... okay on input line 149.

(/usr/share/texlive/texmf-dist/tex/context/base/mkii/supp-pdf.mkii
[Loading MPS to PDF converter (version 2006.09.02).]
\scratchcounter=\count313
\scratchdimen=\dimen262
\scratchbox=\box117
\nofMPsegments=\count314
\nofMParguments=\count315
\everyMPshowfont=\toks34
\MPscratchCnt=\count316
\MPscratchDim=\dimen263
\MPnumerator=\count317
\makeMPintoPDFobject=\count318
\everyMPtoPDFconversion=\toks35
) (/usr/share/texlive/texmf-dist/tex/latex/epstopdf-pkg/epstopdf-base.sty
Package: epstopdf-base 2020-01-24 v2.11 Base part for package epstopdf
Package epstopdf-base Info: Redefining graphics rule for `.eps' on input line 4
85.

(/usr/share/texlive/texmf-dist/tex/latex/latexconfig/epstopdf-sys.cfg
File: epstopdf-sys.cfg 2010/07/13 v1.3 Configuration of (r)epstopdf for TeX Liv
e
))
*geometry* driver: auto-detecting
*geometry* detected driver: pdftex
*geometry* verbose mode - [ preamble ] result:
* driver: pdftex
* paper: a4paper
* layout: <same size as paper>
* layoutoffset:(h,v)=(0.0pt,0.0pt)
* modes: twoside 
* h-part:(L,W,R)=(71.13188pt, 455.24411pt, 71.13188pt)
* v-part:(T,H,B)=(71.13188pt, 702.78308pt, 71.13188pt)
* \paperwidth=597.50787pt
* \paperheight=845.04684pt
* \textwidth=455.24411pt
* \textheight=702.78308pt
* \oddsidemargin=-1.1381pt
* \evensidemargin=-1.1381pt
* \topmargin=-31.2056pt
* \headheight=12.0pt
* \headsep=18.06749pt
* \topskip=10.0pt
* \footskip=25.29494pt
* \marginparwidth=125.0pt
* \marginparsep=7.0pt
* \columnsep=10.0pt
* \skip\footins=9.0pt plus 4.0pt minus 2.0pt
* \hoffset=0.0pt
* \voffset=0.0pt
* \mag=1000
* \@twocolumnfalse
* \@twosidetrue
* \@mparswitchtrue
* \@reversemarginfalse
* (1in=72.27pt=25.4mm, 1cm=28.453pt)

Package hyperref Info: Link coloring ON on input line 149.
(/usr/share/texlive/texmf-dist/tex/latex/hyperref/nameref.sty
Package: nameref 2019/09/16 v2.46 Cross-referencing by name of section

(/usr/share/texlive/texmf-dist/tex/latex/refcount/refcount.sty
Package: refcount 2019/12/15 v3.6 Data extraction from label references (HO)
)
(/usr/share/texlive/texmf-dist/tex/generic/gettitlestring/gettitlestring.sty
Package: gettitlestring 2019/12/15 v1.6 Cleanup title references (HO)
)
\c@section@level=\count319
)
LaTeX Info: Redefining \ref on input line 149.
LaTeX Info: Redefining \pageref on input line 149.
LaTeX Info: Redefining \nameref on input line 149.

(./refman.out) (./refman.out)
\@outlinefile=\write5
\openout5 = `refman.out'.

Package backref Info: ** backref set up for natbib ** on input line 149.
Package caption Info: Begin \AtBeginDocument code.
Package caption Info: End \AtBeginDocument code.
\Etoc@tf=\read4
Package hyperref Info: Option `pageanchor' set `false' on input line 156.
Package hyperref Info: Option `bookmarksnumbered' set `true' on input line 156.

Package hyperref Info: Option `unicode' set `true' on input line 156.
LaTeX Font Info:    Font shape `T1/phv/m/n' will be
(Font)              scaled to size 12.9599pt on input line 161.
LaTeX Font Info:    Font shape `T1/phv/m/n' will be
(Font)              scaled to size 10.79993pt on input line 163.
 [1


{/var/lib/texmf/fonts/map/pdftex/updmap/pdftex.map}] [2

]
\tf@toc=\write6
\openout6 = `refman.toc'.

LaTeX Font Info:    Font shape `T1/phv/b/n' will be
(Font)              scaled to size 8.99994pt on input line 169.
LaTeX Font Info:    Trying to load font information for U+msa on input line 169
.
 (/usr/share/texlive/texmf-dist/tex/latex/amsfonts/umsa.fd
File: umsa.fd 2013/01/14 v3.01 AMS symbols A
)
LaTeX Font Info:    Trying to load font information for U+msb on input line 169
.

(/usr/share/texlive/texmf-dist/tex/latex/amsfonts/umsb.fd
File: umsb.fd 2013/01/14 v3.01 AMS symbols B
)
LaTeX Font Info:    Trying to load font information for U+wasy on input line 16
9.

(/usr/share/texlive/texmf-dist/tex/latex/wasysym/uwasy.fd
File: uwasy.fd 2020/01/19 v2.4 Wasy-2 symbol font definitions
)
LaTeX Font Info:    Font shape `T1/phv/m/n' will be
(Font)              scaled to size 6.29996pt on input line 169.
LaTeX Font Info:    Font shape `T1/phv/b/n' will be
(Font)              scaled to size 6.29996pt on input line 169.
 [1] [2] [3] [4]
[5] [6] [7] [8]
Package hyperref Info: Option `pageanchor' set `true' on input line 171.

Chapter 1.
LaTeX Font Info:    Font shape `T1/phv/m/n' will be
(Font)              scaled to size 18.66588pt on input line 174.
LaTeX Font Info:    Font shape `T1/phv/b/n' will be
(Font)              scaled to size 18.66588pt on input line 174.
LaTeX Font Info:    Font shape `T1/phv/bc/n' will be
(Font)              scaled to size 18.66588pt on input line 174.
LaTeX Font Info:    Font shape `T1/phv/m/n' will be
(Font)              scaled to size 22.39185pt on input line 174.
LaTeX Font Info:    Font shape `T1/phv/b/n' will be
(Font)              scaled to size 22.39185pt on input line 174.
LaTeX Font Info:    Font shape `T1/phv/bc/n' will be
(Font)              scaled to size 22.39185pt on input line 174.
(./annotated.tex
LaTeX Font Info:    Font shape `T1/phv/b/n' will be
(Font)              scaled to size 12.9599pt on input line 1.
) [1


] [2

]
Chapter 2.
(./files.tex [3]) [4]
Chapter 3.
(./structs__ast__node.tex
LaTeX Font Info:    Trying to load font information for T1+pcr on input line 5.


(/usr/share/texlive/texmf-dist/tex/latex/psnfss/t1pcr.fd
File: t1pcr.fd 2001/06/04 font definitions for T1/pcr.
) <./structs__ast__node__coll__graph.pdf

pdfTeX warning: pdflatex (file ./structs__ast__node__coll__graph.pdf): PDF incl
usion: multiple pdfs with page group included in a single page
>
<structs__ast__node__coll__graph.pdf, id=1798, 206.7725pt x 169.63374pt>
File: structs__ast__node__coll__graph.pdf Graphic file (type pdf)
<use structs__ast__node__coll__graph.pdf>
Package pdftex.def Info: structs__ast__node__coll__graph.pdf  used on input lin
e 14.
(pdftex.def)             Requested size: 206.0pt x 169.00433pt.
LaTeX Font Info:    Font shape `T1/phv/b/n' will be
(Font)              scaled to size 10.79993pt on input line 17.
LaTeX Font Info:    Trying to load font information for TS1+phv on input line 2
0.
 (/usr/share/texlive/texmf-dist/tex/latex/psnfss/ts1phv.fd
File: ts1phv.fd 2020/03/25 scalable font definitions for TS1/phv.
)
LaTeX Font Info:    Font shape `TS1/phv/m/n' will be
(Font)              scaled to size 8.99994pt on input line 20.
LaTeX Font Info:    Font shape `T1/phv/m/n' will be
(Font)              scaled to size 7.19995pt on input line 35.
 [5

])
(./structs__environment__node.tex <./structs__environment__node__coll__graph.pd
f>
<structs__environment__node__coll__graph.pdf, id=1836, 242.9075pt x 100.375pt>
File: structs__environment__node__coll__graph.pdf Graphic file (type pdf)
<use structs__environment__node__coll__graph.pdf>
Package pdftex.def Info: structs__environment__node__coll__graph.pdf  used on i
nput line 14.
(pdftex.def)             Requested size: 242.0pt x 99.9995pt.
 [6]) (./structs__heredoc__data.tex <./structs__heredoc__data__coll__graph.pdf>
<structs__heredoc__data__coll__graph.pdf, id=1866, 387.4475pt x 236.885pt>
File: structs__heredoc__data__coll__graph.pdf Graphic file (type pdf)
<use structs__heredoc__data__coll__graph.pdf>
Package pdftex.def Info: structs__heredoc__data__coll__graph.pdf  used on input
 line 14.
(pdftex.def)             Requested size: 350.0pt x 213.99335pt.
 [7]) (./structs__shell.tex <./structs__shell__coll__graph.pdf>
<structs__shell__coll__graph.pdf, id=1890, 242.9075pt x 167.62625pt>
File: structs__shell__coll__graph.pdf Graphic file (type pdf)
<use structs__shell__coll__graph.pdf>
Package pdftex.def Info: structs__shell__coll__graph.pdf  used on input line 14
.
(pdftex.def)             Requested size: 242.0pt x 166.99916pt.
 [8] [9])
(./structs__token.tex) (./structs__token__node.tex <./structs__token__node__col
l__graph.pdf>
<structs__token__node__coll__graph.pdf, id=1938, 206.7725pt x 100.375pt>
File: structs__token__node__coll__graph.pdf Graphic file (type pdf)
<use structs__token__node__coll__graph.pdf>
Package pdftex.def Info: structs__token__node__coll__graph.pdf  used on input l
ine 14.
(pdftex.def)             Requested size: 206.0pt x 100.00255pt.
 [10]) [11] [12

]
Chapter 4.
(./aesthetics_8h.tex <./aesthetics_8h__incl.pdf

pdfTeX warning: pdflatex (file ./aesthetics_8h__incl.pdf): PDF inclusion: multi
ple pdfs with page group included in a single page
>
<aesthetics_8h__incl.pdf, id=1972, 756.8275pt x 212.795pt>
File: aesthetics_8h__incl.pdf Graphic file (type pdf)
<use aesthetics_8h__incl.pdf>
Package pdftex.def Info: aesthetics_8h__incl.pdf  used on input line 12.
(pdftex.def)             Requested size: 350.0pt x 98.40964pt.
 <./aesthetics_8h__dep__incl.pdf

pdfTeX warning: pdflatex (file ./aesthetics_8h__dep__incl.pdf): PDF inclusion: 
multiple pdfs with page group included in a single page
>
<aesthetics_8h__dep__incl.pdf, id=1980, 3592.42125pt x 223.83624pt>
File: aesthetics_8h__dep__incl.pdf Graphic file (type pdf)
<use aesthetics_8h__dep__incl.pdf>
Package pdftex.def Info: aesthetics_8h__dep__incl.pdf  used on input line 20.
(pdftex.def)             Requested size: 350.0pt x 21.80771pt.
 [13] [14]) (./ast_8h.tex <./ast_8h__incl.pdf

pdfTeX warning: pdflatex (file ./ast_8h__incl.pdf): PDF inclusion: multiple pdf
s with page group included in a single page
>
<ast_8h__incl.pdf, id=2025, 724.7075pt x 269.005pt>
File: ast_8h__incl.pdf Graphic file (type pdf)
<use ast_8h__incl.pdf>
Package pdftex.def Info: ast_8h__incl.pdf  used on input line 10.
(pdftex.def)             Requested size: 350.0pt x 129.91724pt.
 <./ast_8h__dep__incl.pdf

pdfTeX warning: pdflatex (file ./ast_8h__dep__incl.pdf): PDF inclusion: multipl
e pdfs with page group included in a single page
>
<ast_8h__dep__incl.pdf, id=2033, 3886.52pt x 291.0875pt>
File: ast_8h__dep__incl.pdf Graphic file (type pdf)
<use ast_8h__dep__incl.pdf>
Package pdftex.def Info: ast_8h__dep__incl.pdf  used on input line 18.
(pdftex.def)             Requested size: 350.0pt x 26.21007pt.
 [15]
LaTeX Font Info:    Font shape `T1/phv/m/n' will be
(Font)              scaled to size 8.09995pt on input line 37.
LaTeX Font Info:    Font shape `T1/phv/m/it' in size <9> not available
(Font)              Font shape `T1/phv/m/sl' tried instead on input line 37.
LaTeX Font Info:    Font shape `T1/phv/m/sl' will be
(Font)              scaled to size 8.09995pt on input line 37.
LaTeX Font Info:    Font shape `T1/pcr/m/it' in size <8> not available
(Font)              Font shape `T1/pcr/m/sl' tried instead on input line 68.
 [16]
Underfull \hbox (badness 10000) detected at line 81
[][][]
 []

 <./ast_8h_a7c7a48992c516a9765476b5d9bb01f99_cgraph.pdf

pdfTeX warning: pdflatex (file ./ast_8h_a7c7a48992c516a9765476b5d9bb01f99_cgrap
h.pdf): PDF inclusion: multiple pdfs with page group included in a single page
>
<ast_8h_a7c7a48992c516a9765476b5d9bb01f99_cgraph.pdf, id=2099, 717.68124pt x 21
4.8025pt>
File: ast_8h_a7c7a48992c516a9765476b5d9bb01f99_cgraph.pdf Graphic file (type pd
f)
<use ast_8h_a7c7a48992c516a9765476b5d9bb01f99_cgraph.pdf>
Package pdftex.def Info: ast_8h_a7c7a48992c516a9765476b5d9bb01f99_cgraph.pdf  u
sed on input line 89.
(pdftex.def)             Requested size: 350.0pt x 104.75594pt.
 <./ast_8h_a7c7a48992c516a9765476b5d9bb01f99_icgraph.pdf

pdfTeX warning: pdflatex (file ./ast_8h_a7c7a48992c516a9765476b5d9bb01f99_icgra
ph.pdf): PDF inclusion: multiple pdfs with page group included in a single page

>
<ast_8h_a7c7a48992c516a9765476b5d9bb01f99_icgraph.pdf, id=2107, 577.15625pt x 1
19.44624pt>
File: ast_8h_a7c7a48992c516a9765476b5d9bb01f99_icgraph.pdf Graphic file (type p
df)
<use ast_8h_a7c7a48992c516a9765476b5d9bb01f99_icgraph.pdf>
Package pdftex.def Info: ast_8h_a7c7a48992c516a9765476b5d9bb01f99_icgraph.pdf  
used on input line 97.
(pdftex.def)             Requested size: 350.0pt x 72.43742pt.
 <./ast_8h_a7729393eddbf3cc99189f20ee2a8875f_cgraph.pdf

pdfTeX warning: pdflatex (file ./ast_8h_a7729393eddbf3cc99189f20ee2a8875f_cgrap
h.pdf): PDF inclusion: multiple pdfs with page group included in a single page
>
<ast_8h_a7729393eddbf3cc99189f20ee2a8875f_cgraph.pdf, id=2117, 336.25626pt x 10
0.375pt>
File: ast_8h_a7729393eddbf3cc99189f20ee2a8875f_cgraph.pdf Graphic file (type pd
f)
<use ast_8h_a7729393eddbf3cc99189f20ee2a8875f_cgraph.pdf>
Package pdftex.def Info: ast_8h_a7729393eddbf3cc99189f20ee2a8875f_cgraph.pdf  u
sed on input line 115.
(pdftex.def)             Requested size: 335.0pt x 100.00102pt.
 <./ast_8h_a7729393eddbf3cc99189f20ee2a8875f_icgraph.pdf

pdfTeX warning: pdflatex (file ./ast_8h_a7729393eddbf3cc99189f20ee2a8875f_icgra
ph.pdf): PDF inclusion: multiple pdfs with page group included in a single page

>
<ast_8h_a7729393eddbf3cc99189f20ee2a8875f_icgraph.pdf, id=2126, 777.90625pt x 1
99.74625pt>
File: ast_8h_a7729393eddbf3cc99189f20ee2a8875f_icgraph.pdf Graphic file (type p
df)
<use ast_8h_a7729393eddbf3cc99189f20ee2a8875f_icgraph.pdf>
Package pdftex.def Info: ast_8h_a7729393eddbf3cc99189f20ee2a8875f_icgraph.pdf  
used on input line 123.
(pdftex.def)             Requested size: 350.0pt x 89.87279pt.
 [17]
LaTeX Font Info:    Font shape `T1/pcr/m/it' in size <7> not available
(Font)              Font shape `T1/pcr/m/sl' tried instead on input line 130.

Underfull \hbox (badness 10000) detected at line 145
[][][]
 []

 <./ast_8h_a2ba12f80cc96195f3c07fbef882c41f8_icgraph.pdf>
<ast_8h_a2ba12f80cc96195f3c07fbef882c41f8_icgraph.pdf, id=2147, 911.405pt x 233
.87375pt>
File: ast_8h_a2ba12f80cc96195f3c07fbef882c41f8_icgraph.pdf Graphic file (type p
df)
<use ast_8h_a2ba12f80cc96195f3c07fbef882c41f8_icgraph.pdf>
Package pdftex.def Info: ast_8h_a2ba12f80cc96195f3c07fbef882c41f8_icgraph.pdf  
used on input line 153.
(pdftex.def)             Requested size: 350.0pt x 89.81505pt.
 [18] <./ast_8h_ad580b853b09af8c71108ad162c73b98b_cgraph.pdf>
<ast_8h_ad580b853b09af8c71108ad162c73b98b_cgraph.pdf, id=2165, 848.16875pt x 18
1.67876pt>
File: ast_8h_ad580b853b09af8c71108ad162c73b98b_cgraph.pdf Graphic file (type pd
f)
<use ast_8h_ad580b853b09af8c71108ad162c73b98b_cgraph.pdf>
Package pdftex.def Info: ast_8h_ad580b853b09af8c71108ad162c73b98b_cgraph.pdf  u
sed on input line 171.
(pdftex.def)             Requested size: 350.0pt x 74.97112pt.
 <./ast_8h_ad580b853b09af8c71108ad162c73b98b_icgraph.pdf

pdfTeX warning: pdflatex (file ./ast_8h_ad580b853b09af8c71108ad162c73b98b_icgra
ph.pdf): PDF inclusion: multiple pdfs with page group included in a single page

>
<ast_8h_ad580b853b09af8c71108ad162c73b98b_icgraph.pdf, id=2173, 486.81876pt x 1
38.5175pt>
File: ast_8h_ad580b853b09af8c71108ad162c73b98b_icgraph.pdf Graphic file (type p
df)
<use ast_8h_ad580b853b09af8c71108ad162c73b98b_icgraph.pdf>
Package pdftex.def Info: ast_8h_ad580b853b09af8c71108ad162c73b98b_icgraph.pdf  
used on input line 179.
(pdftex.def)             Requested size: 350.0pt x 99.58667pt.
 <./ast_8h_af3adbca4bd20ec24f5073a1ba9dfa81f_cgraph.pdf

pdfTeX warning: pdflatex (file ./ast_8h_af3adbca4bd20ec24f5073a1ba9dfa81f_cgrap
h.pdf): PDF inclusion: multiple pdfs with page group included in a single page
>
<ast_8h_af3adbca4bd20ec24f5073a1ba9dfa81f_cgraph.pdf, id=2183, 482.80376pt x 11
9.44624pt>
File: ast_8h_af3adbca4bd20ec24f5073a1ba9dfa81f_cgraph.pdf Graphic file (type pd
f)
<use ast_8h_af3adbca4bd20ec24f5073a1ba9dfa81f_cgraph.pdf>
Package pdftex.def Info: ast_8h_af3adbca4bd20ec24f5073a1ba9dfa81f_cgraph.pdf  u
sed on input line 197.
(pdftex.def)             Requested size: 350.0pt x 86.59355pt.
 <./ast_8h_af3adbca4bd20ec24f5073a1ba9dfa81f_icgraph.pdf

pdfTeX warning: pdflatex (file ./ast_8h_af3adbca4bd20ec24f5073a1ba9dfa81f_icgra
ph.pdf): PDF inclusion: multiple pdfs with page group included in a single page

>
<ast_8h_af3adbca4bd20ec24f5073a1ba9dfa81f_icgraph.pdf, id=2191, 619.31375pt x 1
00.375pt>
File: ast_8h_af3adbca4bd20ec24f5073a1ba9dfa81f_icgraph.pdf Graphic file (type p
df)
<use ast_8h_af3adbca4bd20ec24f5073a1ba9dfa81f_icgraph.pdf>
Package pdftex.def Info: ast_8h_af3adbca4bd20ec24f5073a1ba9dfa81f_icgraph.pdf  
used on input line 205.
(pdftex.def)             Requested size: 350.0pt x 56.72882pt.
 [19] <./ast_8h_a9821b43b0ae13f746b1e0950c51b5d38_cgraph.pdf>
<ast_8h_a9821b43b0ae13f746b1e0950c51b5d38_cgraph.pdf, id=2209, 482.80376pt x 12
5.46875pt>
File: ast_8h_a9821b43b0ae13f746b1e0950c51b5d38_cgraph.pdf Graphic file (type pd
f)
<use ast_8h_a9821b43b0ae13f746b1e0950c51b5d38_cgraph.pdf>
Package pdftex.def Info: ast_8h_a9821b43b0ae13f746b1e0950c51b5d38_cgraph.pdf  u
sed on input line 225.
(pdftex.def)             Requested size: 350.0pt x 90.95963pt.
 <./ast_8h_adf49ca3349e15c41345a81a0e1cd37e4_cgraph.pdf

pdfTeX warning: pdflatex (file ./ast_8h_adf49ca3349e15c41345a81a0e1cd37e4_cgrap
h.pdf): PDF inclusion: multiple pdfs with page group included in a single page
>
<ast_8h_adf49ca3349e15c41345a81a0e1cd37e4_cgraph.pdf, id=2219, 482.80376pt x 12
5.46875pt>
File: ast_8h_adf49ca3349e15c41345a81a0e1cd37e4_cgraph.pdf Graphic file (type pd
f)
<use ast_8h_adf49ca3349e15c41345a81a0e1cd37e4_cgraph.pdf>
Package pdftex.def Info: ast_8h_adf49ca3349e15c41345a81a0e1cd37e4_cgraph.pdf  u
sed on input line 245.
(pdftex.def)             Requested size: 350.0pt x 90.95963pt.
 [20] <./ast_8h_a15b68b0db14296cb6280b97b6c203f65_cgraph.pdf>
<ast_8h_a15b68b0db14296cb6280b97b6c203f65_cgraph.pdf, id=2235, 264.99pt x 100.3
75pt>
File: ast_8h_a15b68b0db14296cb6280b97b6c203f65_cgraph.pdf Graphic file (type pd
f)
<use ast_8h_a15b68b0db14296cb6280b97b6c203f65_cgraph.pdf>
Package pdftex.def Info: ast_8h_a15b68b0db14296cb6280b97b6c203f65_cgraph.pdf  u
sed on input line 270.
(pdftex.def)             Requested size: 264.0pt x 100.00716pt.
 <./ast_8h_a15b68b0db14296cb6280b97b6c203f65_icgraph.pdf

pdfTeX warning: pdflatex (file ./ast_8h_a15b68b0db14296cb6280b97b6c203f65_icgra
ph.pdf): PDF inclusion: multiple pdfs with page group included in a single page

>
<ast_8h_a15b68b0db14296cb6280b97b6c203f65_icgraph.pdf, id=2243, 342.27875pt x 1
00.375pt>
File: ast_8h_a15b68b0db14296cb6280b97b6c203f65_icgraph.pdf Graphic file (type p
df)
<use ast_8h_a15b68b0db14296cb6280b97b6c203f65_icgraph.pdf>
Package pdftex.def Info: ast_8h_a15b68b0db14296cb6280b97b6c203f65_icgraph.pdf  
used on input line 278.
(pdftex.def)             Requested size: 341.0pt x 100.00716pt.
 [21]) (./builtins_8h.tex <./builtins_8h__incl.pdf>
<builtins_8h__incl.pdf, id=2263, 724.7075pt x 269.005pt>
File: builtins_8h__incl.pdf Graphic file (type pdf)
<use builtins_8h__incl.pdf>
Package pdftex.def Info: builtins_8h__incl.pdf  used on input line 11.
(pdftex.def)             Requested size: 350.0pt x 129.91724pt.
 <./builtins_8h__dep__incl.pdf

pdfTeX warning: pdflatex (file ./builtins_8h__dep__incl.pdf): PDF inclusion: mu
ltiple pdfs with page group included in a single page
>
<builtins_8h__dep__incl.pdf, id=2271, 3593.425pt x 280.04625pt>
File: builtins_8h__dep__incl.pdf Graphic file (type pdf)
<use builtins_8h__dep__incl.pdf>
Package pdftex.def Info: builtins_8h__dep__incl.pdf  used on input line 19.
(pdftex.def)             Requested size: 350.0pt x 27.27554pt.
 [22]
LaTeX Font Info:    Font shape `T1/pcr/m/it' in size <9> not available
(Font)              Font shape `T1/pcr/m/sl' tried instead on input line 56.
 [23] <./builtins_8h_a7fb6cac5d2bc96d289257b496b3a1c2a_cgraph.pdf

pdfTeX warning: pdflatex (file ./builtins_8h_a7fb6cac5d2bc96d289257b496b3a1c2a_
cgraph.pdf): PDF inclusion: multiple pdfs with page group included in a single 
page
>
<builtins_8h_a7fb6cac5d2bc96d289257b496b3a1c2a_cgraph.pdf, id=2347, 634.37pt x 
223.83624pt>
File: builtins_8h_a7fb6cac5d2bc96d289257b496b3a1c2a_cgraph.pdf Graphic file (ty
pe pdf)
<use builtins_8h_a7fb6cac5d2bc96d289257b496b3a1c2a_cgraph.pdf>
Package pdftex.def Info: builtins_8h_a7fb6cac5d2bc96d289257b496b3a1c2a_cgraph.p
df  used on input line 131.
(pdftex.def)             Requested size: 350.0pt x 123.49966pt.
 [24] <./builtins_8h_a5cf7109c52809d01dd2115412373bf91_cgraph.pdf

pdfTeX warning: pdflatex (file ./builtins_8h_a5cf7109c52809d01dd2115412373bf91_
cgraph.pdf): PDF inclusion: multiple pdfs with page group included in a single 
page
>
<builtins_8h_a5cf7109c52809d01dd2115412373bf91_cgraph.pdf, id=2364, 315.1775pt 
x 100.375pt>
File: builtins_8h_a5cf7109c52809d01dd2115412373bf91_cgraph.pdf Graphic file (ty
pe pdf)
<use builtins_8h_a5cf7109c52809d01dd2115412373bf91_cgraph.pdf>
Package pdftex.def Info: builtins_8h_a5cf7109c52809d01dd2115412373bf91_cgraph.p
df  used on input line 175.
(pdftex.def)             Requested size: 314.0pt x 100.00562pt.
 [25]
Underfull \hbox (badness 10000) detected at line 207
[][][]
 []

 <./builtins_8h_a4ece4450a4d931dd059944a7aca9d5f7_cgraph.pdf>
<builtins_8h_a4ece4450a4d931dd059944a7aca9d5f7_cgraph.pdf, id=2384, 249.93375pt
 x 100.375pt>
File: builtins_8h_a4ece4450a4d931dd059944a7aca9d5f7_cgraph.pdf Graphic file (ty
pe pdf)
<use builtins_8h_a4ece4450a4d931dd059944a7aca9d5f7_cgraph.pdf>
Package pdftex.def Info: builtins_8h_a4ece4450a4d931dd059944a7aca9d5f7_cgraph.p
df  used on input line 215.
(pdftex.def)             Requested size: 249.0pt x 100.00409pt.
 [26] <./builtins_8h_a4ece4450a4d931dd059944a7aca9d5f7_icgraph.pdf>
<builtins_8h_a4ece4450a4d931dd059944a7aca9d5f7_icgraph.pdf, id=2399, 345.29pt x
 100.375pt>
File: builtins_8h_a4ece4450a4d931dd059944a7aca9d5f7_icgraph.pdf Graphic file (t
ype pdf)
<use builtins_8h_a4ece4450a4d931dd059944a7aca9d5f7_icgraph.pdf>
Package pdftex.def Info: builtins_8h_a4ece4450a4d931dd059944a7aca9d5f7_icgraph.
pdf  used on input line 223.
(pdftex.def)             Requested size: 344.0pt x 100.00102pt.
 <./builtins_8h_ab2c5f1eb393436a98c3b3e5c78d6ac10_cgraph.pdf

pdfTeX warning: pdflatex (file ./builtins_8h_ab2c5f1eb393436a98c3b3e5c78d6ac10_
cgraph.pdf): PDF inclusion: multiple pdfs with page group included in a single 
page
>
<builtins_8h_ab2c5f1eb393436a98c3b3e5c78d6ac10_cgraph.pdf, id=2409, 492.84125pt
 x 199.74625pt>
File: builtins_8h_ab2c5f1eb393436a98c3b3e5c78d6ac10_cgraph.pdf Graphic file (ty
pe pdf)
<use builtins_8h_ab2c5f1eb393436a98c3b3e5c78d6ac10_cgraph.pdf>
Package pdftex.def Info: builtins_8h_ab2c5f1eb393436a98c3b3e5c78d6ac10_cgraph.p
df  used on input line 250.
(pdftex.def)             Requested size: 350.0pt x 141.86044pt.
 [27]
Underfull \hbox (badness 10000) detected at line 272
[][][]
 []

 <./builtins_8h_af8f1581b0ca6e447d45c1bc969067615_icgraph.pdf>
<builtins_8h_af8f1581b0ca6e447d45c1bc969067615_icgraph.pdf, id=2429, 322.20375p
t x 111.41624pt>
File: builtins_8h_af8f1581b0ca6e447d45c1bc969067615_icgraph.pdf Graphic file (t
ype pdf)
<use builtins_8h_af8f1581b0ca6e447d45c1bc969067615_icgraph.pdf>
Package pdftex.def Info: builtins_8h_af8f1581b0ca6e447d45c1bc969067615_icgraph.
pdf  used on input line 280.
(pdftex.def)             Requested size: 321.0pt x 111.00455pt.
 [28]
Underfull \hbox (badness 10000) detected at line 295
[][][]
 []

 <./builtins_8h_a956d2ecae20f0df8dbefeff18d156913_icgraph.pdf>
<builtins_8h_a956d2ecae20f0df8dbefeff18d156913_icgraph.pdf, id=2445, 306.14375p
t x 100.375pt>
File: builtins_8h_a956d2ecae20f0df8dbefeff18d156913_icgraph.pdf Graphic file (t
ype pdf)
<use builtins_8h_a956d2ecae20f0df8dbefeff18d156913_icgraph.pdf>
Package pdftex.def Info: builtins_8h_a956d2ecae20f0df8dbefeff18d156913_icgraph.
pdf  used on input line 303.
(pdftex.def)             Requested size: 305.0pt x 100.00562pt.
 <./builtins_8h_af64f6341c2139cafd98499d593d25c8b_cgraph.pdf

pdfTeX warning: pdflatex (file ./builtins_8h_af64f6341c2139cafd98499d593d25c8b_
cgraph.pdf): PDF inclusion: multiple pdfs with page group included in a single 
page
>
<builtins_8h_af64f6341c2139cafd98499d593d25c8b_cgraph.pdf, id=2455, 536.0025pt 
x 111.41624pt>
File: builtins_8h_af64f6341c2139cafd98499d593d25c8b_cgraph.pdf Graphic file (ty
pe pdf)
<use builtins_8h_af64f6341c2139cafd98499d593d25c8b_cgraph.pdf>
Package pdftex.def Info: builtins_8h_af64f6341c2139cafd98499d593d25c8b_cgraph.p
df  used on input line 330.
(pdftex.def)             Requested size: 350.0pt x 72.75291pt.
 [29] <./builtins_8h_a3e03b837d14a21ec30c78edfb289982e_cgraph.pdf>
<builtins_8h_a3e03b837d14a21ec30c78edfb289982e_cgraph.pdf, id=2472, 433.62pt x 
100.375pt>
File: builtins_8h_a3e03b837d14a21ec30c78edfb289982e_cgraph.pdf Graphic file (ty
pe pdf)
<use builtins_8h_a3e03b837d14a21ec30c78edfb289982e_cgraph.pdf>
Package pdftex.def Info: builtins_8h_a3e03b837d14a21ec30c78edfb289982e_cgraph.p
df  used on input line 357.
(pdftex.def)             Requested size: 350.0pt x 81.02301pt.
 [30] <./builtins_8h_a934935ab5a95976fad4ae748c608c26c_cgraph.pdf>
<builtins_8h_a934935ab5a95976fad4ae748c608c26c_cgraph.pdf, id=2492, 306.14375pt
 x 100.375pt>
File: builtins_8h_a934935ab5a95976fad4ae748c608c26c_cgraph.pdf Graphic file (ty
pe pdf)
<use builtins_8h_a934935ab5a95976fad4ae748c608c26c_cgraph.pdf>
Package pdftex.def Info: builtins_8h_a934935ab5a95976fad4ae748c608c26c_cgraph.p
df  used on input line 382.
(pdftex.def)             Requested size: 305.0pt x 100.00562pt.
) (./environment_8h.tex <./environment_8h__incl.pdf

pdfTeX warning: pdflatex (file ./environment_8h__incl.pdf): PDF inclusion: mult
iple pdfs with page group included in a single page
>
<environment_8h__incl.pdf, id=2500, 724.7075pt x 212.795pt>
File: environment_8h__incl.pdf Graphic file (type pdf)
<use environment_8h__incl.pdf>
Package pdftex.def Info: environment_8h__incl.pdf  used on input line 9.
(pdftex.def)             Requested size: 350.0pt x 102.77034pt.
 <./environment_8h__dep__incl.pdf

pdfTeX warning: pdflatex (file ./environment_8h__dep__incl.pdf): PDF inclusion:
 multiple pdfs with page group included in a single page
>
<environment_8h__dep__incl.pdf, id=2508, 3593.425pt x 291.0875pt>
File: environment_8h__dep__incl.pdf Graphic file (type pdf)
<use environment_8h__dep__incl.pdf>
Package pdftex.def Info: environment_8h__dep__incl.pdf  used on input line 17.
(pdftex.def)             Requested size: 350.0pt x 28.35092pt.
LaTeX Font Info:    Font shape `TS1/phv/m/it' in size <9> not available
(Font)              Font shape `TS1/phv/m/sl' tried instead on input line 36.
LaTeX Font Info:    Font shape `TS1/phv/m/sl' will be
(Font)              scaled to size 8.09995pt on input line 36.
 [31] [32]
Underfull \hbox (badness 10000) detected at line 106
[][][]
 []

 <./environment_8h_ad93e330995179cc3e902d34d845fd38f_icgraph.pdf

pdfTeX warning: pdflatex (file ./environment_8h_ad93e330995179cc3e902d34d845fd3
8f_icgraph.pdf): PDF inclusion: multiple pdfs with page group included in a sin
gle page
>
<environment_8h_ad93e330995179cc3e902d34d845fd38f_icgraph.pdf, id=2587, 991.705
pt x 176.66pt>
File: environment_8h_ad93e330995179cc3e902d34d845fd38f_icgraph.pdf Graphic file
 (type pdf)
<use environment_8h_ad93e330995179cc3e902d34d845fd38f_icgraph.pdf>
Package pdftex.def Info: environment_8h_ad93e330995179cc3e902d34d845fd38f_icgra
ph.pdf  used on input line 114.
(pdftex.def)             Requested size: 350.0pt x 62.34677pt.
 [33]
Underfull \hbox (badness 10000) detected at line 136
[][][]
 []

 <./environment_8h_aa43e73f885f69e85d92b709f5d5877cf_cgraph.pdf>
<environment_8h_aa43e73f885f69e85d92b709f5d5877cf_cgraph.pdf, id=2614, 392.4662
5pt x 111.41624pt>
File: environment_8h_aa43e73f885f69e85d92b709f5d5877cf_cgraph.pdf Graphic file 
(type pdf)
<use environment_8h_aa43e73f885f69e85d92b709f5d5877cf_cgraph.pdf>
Package pdftex.def Info: environment_8h_aa43e73f885f69e85d92b709f5d5877cf_cgrap
h.pdf  used on input line 144.
(pdftex.def)             Requested size: 350.0pt x 99.36755pt.
 <./environment_8h_aa43e73f885f69e85d92b709f5d5877cf_icgraph.pdf

pdfTeX warning: pdflatex (file ./environment_8h_aa43e73f885f69e85d92b709f5d5877
cf_icgraph.pdf): PDF inclusion: multiple pdfs with page group included in a sin
gle page
>
<environment_8h_aa43e73f885f69e85d92b709f5d5877cf_icgraph.pdf, id=2622, 462.728
74pt x 138.5175pt>
File: environment_8h_aa43e73f885f69e85d92b709f5d5877cf_icgraph.pdf Graphic file
 (type pdf)
<use environment_8h_aa43e73f885f69e85d92b709f5d5877cf_icgraph.pdf>
Package pdftex.def Info: environment_8h_aa43e73f885f69e85d92b709f5d5877cf_icgra
ph.pdf  used on input line 152.
(pdftex.def)             Requested size: 350.0pt x 104.77345pt.
 <./environment_8h_a09ee8956599f70273d6a9f91d3dac2e1_cgraph.pdf

pdfTeX warning: pdflatex (file ./environment_8h_a09ee8956599f70273d6a9f91d3dac2
e1_cgraph.pdf): PDF inclusion: multiple pdfs with page group included in a sing
le page
>
<environment_8h_a09ee8956599f70273d6a9f91d3dac2e1_cgraph.pdf, id=2631, 317.185p
t x 100.375pt>
File: environment_8h_a09ee8956599f70273d6a9f91d3dac2e1_cgraph.pdf Graphic file 
(type pdf)
<use environment_8h_a09ee8956599f70273d6a9f91d3dac2e1_cgraph.pdf>
Package pdftex.def Info: environment_8h_a09ee8956599f70273d6a9f91d3dac2e1_cgrap
h.pdf  used on input line 179.
(pdftex.def)             Requested size: 316.0pt x 100.00868pt.
 [34] <./environment_8h_a09ee8956599f70273d6a9f91d3dac2e1_icgraph.pdf>
<environment_8h_a09ee8956599f70273d6a9f91d3dac2e1_icgraph.pdf, id=2648, 335.252
5pt x 100.375pt>
File: environment_8h_a09ee8956599f70273d6a9f91d3dac2e1_icgraph.pdf Graphic file
 (type pdf)
<use environment_8h_a09ee8956599f70273d6a9f91d3dac2e1_icgraph.pdf>
Package pdftex.def Info: environment_8h_a09ee8956599f70273d6a9f91d3dac2e1_icgra
ph.pdf  used on input line 187.
(pdftex.def)             Requested size: 334.0pt x 99.9995pt.
 <./environment_8h_a1e020807d76e090dd0b63c91c71743be_icgraph.pdf

pdfTeX warning: pdflatex (file ./environment_8h_a1e020807d76e090dd0b63c91c71743
be_icgraph.pdf): PDF inclusion: multiple pdfs with page group included in a sin
gle page
>
<environment_8h_a1e020807d76e090dd0b63c91c71743be_icgraph.pdf, id=2657, 492.841
25pt x 150.5625pt>
File: environment_8h_a1e020807d76e090dd0b63c91c71743be_icgraph.pdf Graphic file
 (type pdf)
<use environment_8h_a1e020807d76e090dd0b63c91c71743be_icgraph.pdf>
Package pdftex.def Info: environment_8h_a1e020807d76e090dd0b63c91c71743be_icgra
ph.pdf  used on input line 212.
(pdftex.def)             Requested size: 350.0pt x 106.92998pt.
 [35]
Underfull \hbox (badness 10000) detected at line 232
[][][]
 []

 <./environment_8h_a6a55fbf0bf9eb4c3426f38bbd6aa25af_icgraph.pdf>
<environment_8h_a6a55fbf0bf9eb4c3426f38bbd6aa25af_icgraph.pdf, id=2676, 484.811
25pt x 111.41624pt>
File: environment_8h_a6a55fbf0bf9eb4c3426f38bbd6aa25af_icgraph.pdf Graphic file
 (type pdf)
<use environment_8h_a6a55fbf0bf9eb4c3426f38bbd6aa25af_icgraph.pdf>
Package pdftex.def Info: environment_8h_a6a55fbf0bf9eb4c3426f38bbd6aa25af_icgra
ph.pdf  used on input line 240.
(pdftex.def)             Requested size: 350.0pt x 80.43893pt.
 [36]
Underfull \hbox (badness 10000) detected at line 260
[][][]
 []

 <./environment_8h_abdbcf7a0de2e20d935f1ea841edd111c_cgraph.pdf>
<environment_8h_abdbcf7a0de2e20d935f1ea841edd111c_cgraph.pdf, id=2693, 400.4962
5pt x 111.41624pt>
File: environment_8h_abdbcf7a0de2e20d935f1ea841edd111c_cgraph.pdf Graphic file 
(type pdf)
<use environment_8h_abdbcf7a0de2e20d935f1ea841edd111c_cgraph.pdf>
Package pdftex.def Info: environment_8h_abdbcf7a0de2e20d935f1ea841edd111c_cgrap
h.pdf  used on input line 268.
(pdftex.def)             Requested size: 350.0pt x 97.37337pt.
 <./environment_8h_abdbcf7a0de2e20d935f1ea841edd111c_icgraph.pdf

pdfTeX warning: pdflatex (file ./environment_8h_abdbcf7a0de2e20d935f1ea841edd11
1c_icgraph.pdf): PDF inclusion: multiple pdfs with page group included in a sin
gle page
>
<environment_8h_abdbcf7a0de2e20d935f1ea841edd111c_icgraph.pdf, id=2701, 401.5pt
 x 100.375pt>
File: environment_8h_abdbcf7a0de2e20d935f1ea841edd111c_icgraph.pdf Graphic file
 (type pdf)
<use environment_8h_abdbcf7a0de2e20d935f1ea841edd111c_icgraph.pdf>
Package pdftex.def Info: environment_8h_abdbcf7a0de2e20d935f1ea841edd111c_icgra
ph.pdf  used on input line 276.
(pdftex.def)             Requested size: 350.0pt x 87.50626pt.

Underfull \hbox (badness 10000) detected at line 302
[][][]
 []

 <./environment_8h_ac7c5460c1a96f16344370cbc8cafb875_icgraph.pdf

pdfTeX warning: pdflatex (file ./environment_8h_ac7c5460c1a96f16344370cbc8cafb8
75_icgraph.pdf): PDF inclusion: multiple pdfs with page group included in a sin
gle page
>
<environment_8h_ac7c5460c1a96f16344370cbc8cafb875_icgraph.pdf, id=2711, 491.837
5pt x 150.5625pt>
File: environment_8h_ac7c5460c1a96f16344370cbc8cafb875_icgraph.pdf Graphic file
 (type pdf)
<use environment_8h_ac7c5460c1a96f16344370cbc8cafb875_icgraph.pdf>
Package pdftex.def Info: environment_8h_ac7c5460c1a96f16344370cbc8cafb875_icgra
ph.pdf  used on input line 310.
(pdftex.def)             Requested size: 350.0pt x 107.14594pt.
 [37] <./environment_8h_a5bf51f4346f39138091b60abd05d5fab_cgraph.pdf>
<environment_8h_a5bf51f4346f39138091b60abd05d5fab_cgraph.pdf, id=2729, 372.3912
5pt x 188.705pt>
File: environment_8h_a5bf51f4346f39138091b60abd05d5fab_cgraph.pdf Graphic file 
(type pdf)
<use environment_8h_a5bf51f4346f39138091b60abd05d5fab_cgraph.pdf>
Package pdftex.def Info: environment_8h_a5bf51f4346f39138091b60abd05d5fab_cgrap
h.pdf  used on input line 335.
(pdftex.def)             Requested size: 350.0pt x 177.36543pt.
 <./environment_8h_a5bf51f4346f39138091b60abd05d5fab_icgraph.pdf

pdfTeX warning: pdflatex (file ./environment_8h_a5bf51f4346f39138091b60abd05d5f
ab_icgraph.pdf): PDF inclusion: multiple pdfs with page group included in a sin
gle page
>
<environment_8h_a5bf51f4346f39138091b60abd05d5fab_icgraph.pdf, id=2737, 328.226
26pt x 111.41624pt>
File: environment_8h_a5bf51f4346f39138091b60abd05d5fab_icgraph.pdf Graphic file
 (type pdf)
<use environment_8h_a5bf51f4346f39138091b60abd05d5fab_icgraph.pdf>
Package pdftex.def Info: environment_8h_a5bf51f4346f39138091b60abd05d5fab_icgra
ph.pdf  used on input line 343.
(pdftex.def)             Requested size: 327.0pt x 111.00114pt.
 [38]
Underfull \hbox (badness 10000) detected at line 365
[][][]
 []

 <./environment_8h_a91813a28808629570986d5e88b912d5b_cgraph.pdf>
<environment_8h_a91813a28808629570986d5e88b912d5b_cgraph.pdf, id=2754, 305.14pt
 x 100.375pt>
File: environment_8h_a91813a28808629570986d5e88b912d5b_cgraph.pdf Graphic file 
(type pdf)
<use environment_8h_a91813a28808629570986d5e88b912d5b_cgraph.pdf>
Package pdftex.def Info: environment_8h_a91813a28808629570986d5e88b912d5b_cgrap
h.pdf  used on input line 373.
(pdftex.def)             Requested size: 304.0pt x 100.00409pt.
 <./environment_8h_a91813a28808629570986d5e88b912d5b_icgraph.pdf

pdfTeX warning: pdflatex (file ./environment_8h_a91813a28808629570986d5e88b912d
5b_icgraph.pdf): PDF inclusion: multiple pdfs with page group included in a sin
gle page
>
<environment_8h_a91813a28808629570986d5e88b912d5b_icgraph.pdf, id=2762, 480.796
25pt x 214.8025pt>
File: environment_8h_a91813a28808629570986d5e88b912d5b_icgraph.pdf Graphic file
 (type pdf)
<use environment_8h_a91813a28808629570986d5e88b912d5b_icgraph.pdf>
Package pdftex.def Info: environment_8h_a91813a28808629570986d5e88b912d5b_icgra
ph.pdf  used on input line 381.
(pdftex.def)             Requested size: 350.0pt x 156.37187pt.
 [39]
Underfull \hbox (badness 10000) detected at line 403
[][][]
 []

 <./environment_8h_af82670ad46acaaebb1e7dc2aac869ca9_cgraph.pdf>
<environment_8h_af82670ad46acaaebb1e7dc2aac869ca9_cgraph.pdf, id=2788, 334.2487
5pt x 100.375pt>
File: environment_8h_af82670ad46acaaebb1e7dc2aac869ca9_cgraph.pdf Graphic file 
(type pdf)
<use environment_8h_af82670ad46acaaebb1e7dc2aac869ca9_cgraph.pdf>
Package pdftex.def Info: environment_8h_af82670ad46acaaebb1e7dc2aac869ca9_cgrap
h.pdf  used on input line 411.
(pdftex.def)             Requested size: 333.0pt x 100.00868pt.
 <./environment_8h_af82670ad46acaaebb1e7dc2aac869ca9_icgraph.pdf

pdfTeX warning: pdflatex (file ./environment_8h_af82670ad46acaaebb1e7dc2aac869c
a9_icgraph.pdf): PDF inclusion: multiple pdfs with page group included in a sin
gle page
>
<environment_8h_af82670ad46acaaebb1e7dc2aac869ca9_icgraph.pdf, id=2796, 455.702
5pt x 100.375pt>
File: environment_8h_af82670ad46acaaebb1e7dc2aac869ca9_icgraph.pdf Graphic file
 (type pdf)
<use environment_8h_af82670ad46acaaebb1e7dc2aac869ca9_icgraph.pdf>
Package pdftex.def Info: environment_8h_af82670ad46acaaebb1e7dc2aac869ca9_icgra
ph.pdf  used on input line 419.
(pdftex.def)             Requested size: 350.0pt x 77.09445pt.
 [40]
Underfull \hbox (badness 10000) detected at line 439
[][][]
 []

 <./environment_8h_acbde6845a327536b8af768878d83c4c7_icgraph.pdf>
<environment_8h_acbde6845a327536b8af768878d83c4c7_icgraph.pdf, id=2814, 644.407
5pt x 176.66pt>
File: environment_8h_acbde6845a327536b8af768878d83c4c7_icgraph.pdf Graphic file
 (type pdf)
<use environment_8h_acbde6845a327536b8af768878d83c4c7_icgraph.pdf>
Package pdftex.def Info: environment_8h_acbde6845a327536b8af768878d83c4c7_icgra
ph.pdf  used on input line 447.
(pdftex.def)             Requested size: 350.0pt x 95.95296pt.
 [41]
Underfull \hbox (badness 10000) detected at line 467
[][][]
 []

) (./execute_8h.tex <./execute_8h__incl.pdf>
<execute_8h__incl.pdf, id=2831, 727.71875pt x 325.215pt>
File: execute_8h__incl.pdf Graphic file (type pdf)
<use execute_8h__incl.pdf>
Package pdftex.def Info: execute_8h__incl.pdf  used on input line 15.
(pdftex.def)             Requested size: 350.0pt x 156.419pt.
 [42] <./execute_8h__dep__incl.pdf

pdfTeX warning: pdflatex (file ./execute_8h__dep__incl.pdf): PDF inclusion: mul
tiple pdfs with page group included in a single page
>
<execute_8h__dep__incl.pdf, id=2846, 3592.42125pt x 223.83624pt>
File: execute_8h__dep__incl.pdf Graphic file (type pdf)
<use execute_8h__dep__incl.pdf>
Package pdftex.def Info: execute_8h__dep__incl.pdf  used on input line 23.
(pdftex.def)             Requested size: 350.0pt x 21.80771pt.
 [43] [44]
Underfull \hbox (badness 10000) detected at line 110
[][][]
 []

 <./execute_8h_a7ae0b2ef56640c6936ffe657e13fa9f4_cgraph.pdf

pdfTeX warning: pdflatex (file ./execute_8h_a7ae0b2ef56640c6936ffe657e13fa9f4_c
graph.pdf): PDF inclusion: multiple pdfs with page group included in a single p
age
>
<execute_8h_a7ae0b2ef56640c6936ffe657e13fa9f4_cgraph.pdf, id=2919, 788.9475pt x
 259.97125pt>
File: execute_8h_a7ae0b2ef56640c6936ffe657e13fa9f4_cgraph.pdf Graphic file (typ
e pdf)
<use execute_8h_a7ae0b2ef56640c6936ffe657e13fa9f4_cgraph.pdf>
Package pdftex.def Info: execute_8h_a7ae0b2ef56640c6936ffe657e13fa9f4_cgraph.pd
f  used on input line 120.
(pdftex.def)             Requested size: 350.0pt x 115.3318pt.
 <./execute_8h_a7ae0b2ef56640c6936ffe657e13fa9f4_icgraph.pdf

pdfTeX warning: pdflatex (file ./execute_8h_a7ae0b2ef56640c6936ffe657e13fa9f4_i
cgraph.pdf): PDF inclusion: multiple pdfs with page group included in a single 
page
>
<execute_8h_a7ae0b2ef56640c6936ffe657e13fa9f4_icgraph.pdf, id=2934, 815.045pt x
 233.87375pt>
File: execute_8h_a7ae0b2ef56640c6936ffe657e13fa9f4_icgraph.pdf Graphic file (ty
pe pdf)
<use execute_8h_a7ae0b2ef56640c6936ffe657e13fa9f4_icgraph.pdf>
Package pdftex.def Info: execute_8h_a7ae0b2ef56640c6936ffe657e13fa9f4_icgraph.p
df  used on input line 128.
(pdftex.def)             Requested size: 350.0pt x 100.4317pt.

Underfull \hbox (badness 10000) detected at line 150
[][][]
 []

 <./execute_8h_a69654480f610064884dce4cc5aa2defd_icgraph.pdf

pdfTeX warning: pdflatex (file ./execute_8h_a69654480f610064884dce4cc5aa2defd_i
cgraph.pdf): PDF inclusion: multiple pdfs with page group included in a single 
page
>
<execute_8h_a69654480f610064884dce4cc5aa2defd_icgraph.pdf, id=2944, 645.41125pt
 x 252.945pt>
File: execute_8h_a69654480f610064884dce4cc5aa2defd_icgraph.pdf Graphic file (ty
pe pdf)
<use execute_8h_a69654480f610064884dce4cc5aa2defd_icgraph.pdf>
Package pdftex.def Info: execute_8h_a69654480f610064884dce4cc5aa2defd_icgraph.p
df  used on input line 158.
(pdftex.def)             Requested size: 350.0pt x 137.1672pt.
 [45]
Underfull \hbox (badness 10000) detected at line 180
[][][]
 []

 <./execute_8h_a86765b7fa5c9fc51a9c3dbf93bdb77be_cgraph.pdf>
<execute_8h_a86765b7fa5c9fc51a9c3dbf93bdb77be_cgraph.pdf, id=2963, 478.78876pt 
x 119.44624pt>
File: execute_8h_a86765b7fa5c9fc51a9c3dbf93bdb77be_cgraph.pdf Graphic file (typ
e pdf)
<use execute_8h_a86765b7fa5c9fc51a9c3dbf93bdb77be_cgraph.pdf>
Package pdftex.def Info: execute_8h_a86765b7fa5c9fc51a9c3dbf93bdb77be_cgraph.pd
f  used on input line 188.
(pdftex.def)             Requested size: 350.0pt x 87.31714pt.
 [46] <./execute_8h_a53a9f7fef2d5e37c1786689f9b45aec7_icgraph.pdf>
<execute_8h_a53a9f7fef2d5e37c1786689f9b45aec7_icgraph.pdf, id=2988, 588.1975pt 
x 252.945pt>
File: execute_8h_a53a9f7fef2d5e37c1786689f9b45aec7_icgraph.pdf Graphic file (ty
pe pdf)
<use execute_8h_a53a9f7fef2d5e37c1786689f9b45aec7_icgraph.pdf>
Package pdftex.def Info: execute_8h_a53a9f7fef2d5e37c1786689f9b45aec7_icgraph.p
df  used on input line 215.
(pdftex.def)             Requested size: 350.0pt x 150.5138pt.
 <./execute_8h_af2d532ac8d7ed9514eb8782ae7882d53_icgraph.pdf

pdfTeX warning: pdflatex (file ./execute_8h_af2d532ac8d7ed9514eb8782ae7882d53_i
cgraph.pdf): PDF inclusion: multiple pdfs with page group included in a single 
page
>
<execute_8h_af2d532ac8d7ed9514eb8782ae7882d53_icgraph.pdf, id=2997, 387.4475pt 
x 111.41624pt>
File: execute_8h_af2d532ac8d7ed9514eb8782ae7882d53_icgraph.pdf Graphic file (ty
pe pdf)
<use execute_8h_af2d532ac8d7ed9514eb8782ae7882d53_icgraph.pdf>
Package pdftex.def Info: execute_8h_af2d532ac8d7ed9514eb8782ae7882d53_icgraph.p
df  used on input line 240.
(pdftex.def)             Requested size: 350.0pt x 100.6494pt.
 [47] <./execute_8h_adba32900f19147f166f15e24a1253c23_cgraph.pdf>
<execute_8h_adba32900f19147f166f15e24a1253c23_cgraph.pdf, id=3015, 969.6225pt x
 257.96375pt>
File: execute_8h_adba32900f19147f166f15e24a1253c23_cgraph.pdf Graphic file (typ
e pdf)
<use execute_8h_adba32900f19147f166f15e24a1253c23_cgraph.pdf>
Package pdftex.def Info: execute_8h_adba32900f19147f166f15e24a1253c23_cgraph.pd
f  used on input line 267.
(pdftex.def)             Requested size: 350.0pt x 93.11485pt.
 <./execute_8h_adba32900f19147f166f15e24a1253c23_icgraph.pdf

pdfTeX warning: pdflatex (file ./execute_8h_adba32900f19147f166f15e24a1253c23_i
cgraph.pdf): PDF inclusion: multiple pdfs with page group included in a single 
page
>
<execute_8h_adba32900f19147f166f15e24a1253c23_icgraph.pdf, id=3030, 723.70375pt
 x 214.8025pt>
File: execute_8h_adba32900f19147f166f15e24a1253c23_icgraph.pdf Graphic file (ty
pe pdf)
<use execute_8h_adba32900f19147f166f15e24a1253c23_icgraph.pdf>
Package pdftex.def Info: execute_8h_adba32900f19147f166f15e24a1253c23_icgraph.p
df  used on input line 275.
(pdftex.def)             Requested size: 350.0pt x 103.8841pt.
 [48] <./execute_8h_a5b178a509aa9bb551adc2ebd9d26e8da_cgraph.pdf>
<execute_8h_a5b178a509aa9bb551adc2ebd9d26e8da_cgraph.pdf, id=3054, 942.52126pt 
x 254.9525pt>
File: execute_8h_a5b178a509aa9bb551adc2ebd9d26e8da_cgraph.pdf Graphic file (typ
e pdf)
<use execute_8h_a5b178a509aa9bb551adc2ebd9d26e8da_cgraph.pdf>
Package pdftex.def Info: execute_8h_a5b178a509aa9bb551adc2ebd9d26e8da_cgraph.pd
f  used on input line 312.
(pdftex.def)             Requested size: 350.0pt x 94.67328pt.
 [49] <./execute_8h_a5b178a509aa9bb551adc2ebd9d26e8da_icgraph.pdf>
<execute_8h_a5b178a509aa9bb551adc2ebd9d26e8da_icgraph.pdf, id=3085, 696.6025pt 
x 214.8025pt>
File: execute_8h_a5b178a509aa9bb551adc2ebd9d26e8da_icgraph.pdf Graphic file (ty
pe pdf)
<use execute_8h_a5b178a509aa9bb551adc2ebd9d26e8da_icgraph.pdf>
Package pdftex.def Info: execute_8h_a5b178a509aa9bb551adc2ebd9d26e8da_icgraph.p
df  used on input line 320.
(pdftex.def)             Requested size: 350.0pt x 107.9254pt.
 <./execute_8h_a60b0ab10f687f85ac704dec45968f944_cgraph.pdf

pdfTeX warning: pdflatex (file ./execute_8h_a60b0ab10f687f85ac704dec45968f944_c
graph.pdf): PDF inclusion: multiple pdfs with page group included in a single p
age
>
<execute_8h_a60b0ab10f687f85ac704dec45968f944_cgraph.pdf, id=3095, 949.5475pt x
 254.9525pt>
File: execute_8h_a60b0ab10f687f85ac704dec45968f944_cgraph.pdf Graphic file (typ
e pdf)
<use execute_8h_a60b0ab10f687f85ac704dec45968f944_cgraph.pdf>
Package pdftex.def Info: execute_8h_a60b0ab10f687f85ac704dec45968f944_cgraph.pd
f  used on input line 347.
(pdftex.def)             Requested size: 350.0pt x 93.97304pt.
 [50] <./execute_8h_a60b0ab10f687f85ac704dec45968f944_icgraph.pdf>
<execute_8h_a60b0ab10f687f85ac704dec45968f944_icgraph.pdf, id=3118, 703.62875pt
 x 214.8025pt>
File: execute_8h_a60b0ab10f687f85ac704dec45968f944_icgraph.pdf Graphic file (ty
pe pdf)
<use execute_8h_a60b0ab10f687f85ac704dec45968f944_icgraph.pdf>
Package pdftex.def Info: execute_8h_a60b0ab10f687f85ac704dec45968f944_icgraph.p
df  used on input line 355.
(pdftex.def)             Requested size: 350.0pt x 106.84706pt.

Underfull \hbox (badness 10000) detected at line 377
[][][]
 []

 <./execute_8h_a57e123669114e52b0f82b62e8729a0cd_cgraph.pdf

pdfTeX warning: pdflatex (file ./execute_8h_a57e123669114e52b0f82b62e8729a0cd_c
graph.pdf): PDF inclusion: multiple pdfs with page group included in a single p
age
>
<execute_8h_a57e123669114e52b0f82b62e8729a0cd_cgraph.pdf, id=3128, 332.24126pt 
x 111.41624pt>
File: execute_8h_a57e123669114e52b0f82b62e8729a0cd_cgraph.pdf Graphic file (typ
e pdf)
<use execute_8h_a57e123669114e52b0f82b62e8729a0cd_cgraph.pdf>
Package pdftex.def Info: execute_8h_a57e123669114e52b0f82b62e8729a0cd_cgraph.pd
f  used on input line 385.
(pdftex.def)             Requested size: 331.0pt x 111.00624pt.
 [51] <./execute_8h_a57e123669114e52b0f82b62e8729a0cd_icgraph.pdf>
<execute_8h_a57e123669114e52b0f82b62e8729a0cd_icgraph.pdf, id=3152, 847.165pt x
 176.66pt>
File: execute_8h_a57e123669114e52b0f82b62e8729a0cd_icgraph.pdf Graphic file (ty
pe pdf)
<use execute_8h_a57e123669114e52b0f82b62e8729a0cd_icgraph.pdf>
Package pdftex.def Info: execute_8h_a57e123669114e52b0f82b62e8729a0cd_icgraph.p
df  used on input line 393.
(pdftex.def)             Requested size: 350.0pt x 72.98366pt.
)
(./mini__base_8h.tex <./mini__base_8h__incl.pdf

pdfTeX warning: pdflatex (file ./mini__base_8h__incl.pdf): PDF inclusion: multi
ple pdfs with page group included in a single page
>
<mini__base_8h__incl.pdf, id=3167, 724.7075pt x 156.585pt>
File: mini__base_8h__incl.pdf Graphic file (type pdf)
<use mini__base_8h__incl.pdf>
Package pdftex.def Info: mini__base_8h__incl.pdf  used on input line 16.
(pdftex.def)             Requested size: 350.0pt x 75.62346pt.
 <./mini__base_8h__dep__incl.pdf

pdfTeX warning: pdflatex (file ./mini__base_8h__dep__incl.pdf): PDF inclusion: 
multiple pdfs with page group included in a single page
>
<mini__base_8h__dep__incl.pdf, id=3175, 3646.62375pt x 425.59pt>
File: mini__base_8h__dep__incl.pdf Graphic file (type pdf)
<use mini__base_8h__dep__incl.pdf>
Package pdftex.def Info: mini__base_8h__dep__incl.pdf  used on input line 24.
(pdftex.def)             Requested size: 350.0pt x 40.84708pt.
 [52] [53] <./mini__base_8h_abfd13da893fd673eeee5ac3446e623f3_icgraph.pdf

pdfTeX warning: pdflatex (file ./mini__base_8h_abfd13da893fd673eeee5ac3446e623f
3_icgraph.pdf): PDF inclusion: multiple pdfs with page group included in a sing
le page
>
<mini__base_8h_abfd13da893fd673eeee5ac3446e623f3_icgraph.pdf, id=3214, 240.9pt 
x 100.375pt>
File: mini__base_8h_abfd13da893fd673eeee5ac3446e623f3_icgraph.pdf Graphic file 
(type pdf)
<use mini__base_8h_abfd13da893fd673eeee5ac3446e623f3_icgraph.pdf>
Package pdftex.def Info: mini__base_8h_abfd13da893fd673eeee5ac3446e623f3_icgrap
h.pdf  used on input line 94.
(pdftex.def)             Requested size: 240.0pt x 100.00255pt.
) (./minishell_8h.tex <./minishell_8h__incl.pdf

pdfTeX warning: pdflatex (file ./minishell_8h__incl.pdf): PDF inclusion: multip
le pdfs with page group included in a single page
>
<minishell_8h__incl.pdf, id=3222, 851.18pt x 381.425pt>
File: minishell_8h__incl.pdf Graphic file (type pdf)
<use minishell_8h__incl.pdf>
Package pdftex.def Info: minishell_8h__incl.pdf  used on input line 14.
(pdftex.def)             Requested size: 350.0pt x 156.83922pt.
 <./minishell_8h__dep__incl.pdf

pdfTeX warning: pdflatex (file ./minishell_8h__dep__incl.pdf): PDF inclusion: m
ultiple pdfs with page group included in a single page
>
<minishell_8h__dep__incl.pdf, id=3230, 3592.42125pt x 167.62625pt>
File: minishell_8h__dep__incl.pdf Graphic file (type pdf)
<use minishell_8h__dep__incl.pdf>
Package pdftex.def Info: minishell_8h__dep__incl.pdf  used on input line 22.
(pdftex.def)             Requested size: 350.0pt x 16.33133pt.
 [54]) (./tokens_8h.tex <./tokens_8h__incl.pdf>
<tokens_8h__incl.pdf, id=3253, 724.7075pt x 212.795pt>
File: tokens_8h__incl.pdf Graphic file (type pdf)
<use tokens_8h__incl.pdf>
Package pdftex.def Info: tokens_8h__incl.pdf  used on input line 10.
(pdftex.def)             Requested size: 350.0pt x 102.77034pt.
 <./tokens_8h__dep__incl.pdf

pdfTeX warning: pdflatex (file ./tokens_8h__dep__incl.pdf): PDF inclusion: mult
iple pdfs with page group included in a single page
>
<tokens_8h__dep__incl.pdf, id=3261, 3854.4pt x 369.38pt>
File: tokens_8h__dep__incl.pdf Graphic file (type pdf)
<use tokens_8h__dep__incl.pdf>
Package pdftex.def Info: tokens_8h__dep__incl.pdf  used on input line 18.
(pdftex.def)             Requested size: 350.0pt x 33.54147pt.
 [55] [56]
Overfull \vbox (7.58096pt too high) has occurred while \output is active []


[57] <./tokens_8h_a33f8cc0bef2a29ba635644252bea6f04_icgraph.pdf

pdfTeX warning: pdflatex (file ./tokens_8h_a33f8cc0bef2a29ba635644252bea6f04_ic
graph.pdf): PDF inclusion: multiple pdfs with page group included in a single p
age
>
<tokens_8h_a33f8cc0bef2a29ba635644252bea6f04_icgraph.pdf, id=3360, 618.31pt x 1
00.375pt>
File: tokens_8h_a33f8cc0bef2a29ba635644252bea6f04_icgraph.pdf Graphic file (typ
e pdf)
<use tokens_8h_a33f8cc0bef2a29ba635644252bea6f04_icgraph.pdf>
Package pdftex.def Info: tokens_8h_a33f8cc0bef2a29ba635644252bea6f04_icgraph.pd
f  used on input line 150.
(pdftex.def)             Requested size: 350.0pt x 56.81918pt.
 <./tokens_8h_a0a4cd44b57eb5b7ac08e82e2a43271c2_cgraph.pdf

pdfTeX warning: pdflatex (file ./tokens_8h_a0a4cd44b57eb5b7ac08e82e2a43271c2_cg
raph.pdf): PDF inclusion: multiple pdfs with page group included in a single pa
ge
>
<tokens_8h_a0a4cd44b57eb5b7ac08e82e2a43271c2_cgraph.pdf, id=3369, 291.0875pt x 
176.66pt>
File: tokens_8h_a0a4cd44b57eb5b7ac08e82e2a43271c2_cgraph.pdf Graphic file (type
 pdf)
<use tokens_8h_a0a4cd44b57eb5b7ac08e82e2a43271c2_cgraph.pdf>
Package pdftex.def Info: tokens_8h_a0a4cd44b57eb5b7ac08e82e2a43271c2_cgraph.pdf
  used on input line 179.
(pdftex.def)             Requested size: 290.0pt x 176.0126pt.
 <./tokens_8h_a0a4cd44b57eb5b7ac08e82e2a43271c2_icgraph.pdf

pdfTeX warning: pdflatex (file ./tokens_8h_a0a4cd44b57eb5b7ac08e82e2a43271c2_ic
graph.pdf): PDF inclusion: multiple pdfs with page group included in a single p
age
>
<tokens_8h_a0a4cd44b57eb5b7ac08e82e2a43271c2_icgraph.pdf, id=3377, 457.71pt x 1
00.375pt>
File: tokens_8h_a0a4cd44b57eb5b7ac08e82e2a43271c2_icgraph.pdf Graphic file (typ
e pdf)
<use tokens_8h_a0a4cd44b57eb5b7ac08e82e2a43271c2_icgraph.pdf>
Package pdftex.def Info: tokens_8h_a0a4cd44b57eb5b7ac08e82e2a43271c2_icgraph.pd
f  used on input line 187.
(pdftex.def)             Requested size: 350.0pt x 76.7575pt.
 [58] <./tokens_8h_a3e99598307beae324369b66ec0794659_cgraph.pdf>
<tokens_8h_a3e99598307beae324369b66ec0794659_cgraph.pdf, id=3394, 330.23375pt x
 176.66pt>
File: tokens_8h_a3e99598307beae324369b66ec0794659_cgraph.pdf Graphic file (type
 pdf)
<use tokens_8h_a3e99598307beae324369b66ec0794659_cgraph.pdf>
Package pdftex.def Info: tokens_8h_a3e99598307beae324369b66ec0794659_cgraph.pdf
  used on input line 214.
(pdftex.def)             Requested size: 329.0pt x 176.00722pt.
 <./tokens_8h_a3e99598307beae324369b66ec0794659_icgraph.pdf

pdfTeX warning: pdflatex (file ./tokens_8h_a3e99598307beae324369b66ec0794659_ic
graph.pdf): PDF inclusion: multiple pdfs with page group included in a single p
age
>
<tokens_8h_a3e99598307beae324369b66ec0794659_icgraph.pdf, id=3402, 493.845pt x 
100.375pt>
File: tokens_8h_a3e99598307beae324369b66ec0794659_icgraph.pdf Graphic file (typ
e pdf)
<use tokens_8h_a3e99598307beae324369b66ec0794659_icgraph.pdf>
Package pdftex.def Info: tokens_8h_a3e99598307beae324369b66ec0794659_icgraph.pd
f  used on input line 222.
(pdftex.def)             Requested size: 350.0pt x 71.13808pt.
 [59] <./tokens_8h_af7cf00954aab4c0c7cc1c6d51a1b11b7_cgraph.pdf>
<tokens_8h_af7cf00954aab4c0c7cc1c6d51a1b11b7_cgraph.pdf, id=3419, 294.09875pt x
 176.66pt>
File: tokens_8h_af7cf00954aab4c0c7cc1c6d51a1b11b7_cgraph.pdf Graphic file (type
 pdf)
<use tokens_8h_af7cf00954aab4c0c7cc1c6d51a1b11b7_cgraph.pdf>
Package pdftex.def Info: tokens_8h_af7cf00954aab4c0c7cc1c6d51a1b11b7_cgraph.pdf
  used on input line 249.
(pdftex.def)             Requested size: 293.0pt x 176.00183pt.
 <./tokens_8h_af7cf00954aab4c0c7cc1c6d51a1b11b7_icgraph.pdf

pdfTeX warning: pdflatex (file ./tokens_8h_af7cf00954aab4c0c7cc1c6d51a1b11b7_ic
graph.pdf): PDF inclusion: multiple pdfs with page group included in a single p
age
>
<tokens_8h_af7cf00954aab4c0c7cc1c6d51a1b11b7_icgraph.pdf, id=3427, 447.6725pt x
 100.375pt>
File: tokens_8h_af7cf00954aab4c0c7cc1c6d51a1b11b7_icgraph.pdf Graphic file (typ
e pdf)
<use tokens_8h_af7cf00954aab4c0c7cc1c6d51a1b11b7_icgraph.pdf>
Package pdftex.def Info: tokens_8h_af7cf00954aab4c0c7cc1c6d51a1b11b7_icgraph.pd
f  used on input line 257.
(pdftex.def)             Requested size: 350.0pt x 78.4775pt.
 [60] <./tokens_8h_ade808b2e1b7bb69df684f3f26ada0c93_icgraph.pdf>
<tokens_8h_ade808b2e1b7bb69df684f3f26ada0c93_icgraph.pdf, id=3446, 615.29875pt 
x 176.66pt>
File: tokens_8h_ade808b2e1b7bb69df684f3f26ada0c93_icgraph.pdf Graphic file (typ
e pdf)
<use tokens_8h_ade808b2e1b7bb69df684f3f26ada0c93_icgraph.pdf>
Package pdftex.def Info: tokens_8h_ade808b2e1b7bb69df684f3f26ada0c93_icgraph.pd
f  used on input line 284.
(pdftex.def)             Requested size: 350.0pt x 100.48967pt.
 [61]
Underfull \hbox (badness 10000) detected at line 304
[][][]
 []


Underfull \hbox (badness 10000) detected at line 326
[][][]
 []

 <./tokens_8h_ad9934fc55f0f2d3446166ab2fea4db9b_icgraph.pdf>
<tokens_8h_ad9934fc55f0f2d3446166ab2fea4db9b_icgraph.pdf, id=3465, 610.28pt x 1
76.66pt>
File: tokens_8h_ad9934fc55f0f2d3446166ab2fea4db9b_icgraph.pdf Graphic file (typ
e pdf)
<use tokens_8h_ad9934fc55f0f2d3446166ab2fea4db9b_icgraph.pdf>
Package pdftex.def Info: tokens_8h_ad9934fc55f0f2d3446166ab2fea4db9b_icgraph.pd
f  used on input line 334.
(pdftex.def)             Requested size: 350.0pt x 101.31992pt.
 [62] <./tokens_8h_a09ac0c422bd48b4b44d9c552897adcac_icgraph.pdf>
<tokens_8h_a09ac0c422bd48b4b44d9c552897adcac_icgraph.pdf, id=3482, 487.8225pt x
 138.5175pt>
File: tokens_8h_a09ac0c422bd48b4b44d9c552897adcac_icgraph.pdf Graphic file (typ
e pdf)
<use tokens_8h_a09ac0c422bd48b4b44d9c552897adcac_icgraph.pdf>
Package pdftex.def Info: tokens_8h_a09ac0c422bd48b4b44d9c552897adcac_icgraph.pd
f  used on input line 359.
(pdftex.def)             Requested size: 350.0pt x 99.38376pt.
 <./tokens_8h_a0d5146987a56f3d8d3abec776727a9d6_cgraph.pdf

pdfTeX warning: pdflatex (file ./tokens_8h_a0d5146987a56f3d8d3abec776727a9d6_cg
raph.pdf): PDF inclusion: multiple pdfs with page group included in a single pa
ge
>
<tokens_8h_a0d5146987a56f3d8d3abec776727a9d6_cgraph.pdf, id=3491, 294.09875pt x
 100.375pt>
File: tokens_8h_a0d5146987a56f3d8d3abec776727a9d6_cgraph.pdf Graphic file (type
 pdf)
<use tokens_8h_a0d5146987a56f3d8d3abec776727a9d6_cgraph.pdf>
Package pdftex.def Info: tokens_8h_a0d5146987a56f3d8d3abec776727a9d6_cgraph.pdf
  used on input line 384.
(pdftex.def)             Requested size: 293.0pt x 100.00102pt.
 [63] <./tokens_8h_ac6205f59ae5f6727a093ccf4e82f19c6_cgraph.pdf>
<tokens_8h_ac6205f59ae5f6727a093ccf4e82f19c6_cgraph.pdf, id=3510, 280.04625pt x
 100.375pt>
File: tokens_8h_ac6205f59ae5f6727a093ccf4e82f19c6_cgraph.pdf Graphic file (type
 pdf)
<use tokens_8h_ac6205f59ae5f6727a093ccf4e82f19c6_cgraph.pdf>
Package pdftex.def Info: tokens_8h_ac6205f59ae5f6727a093ccf4e82f19c6_cgraph.pdf
  used on input line 409.
(pdftex.def)             Requested size: 279.0pt x 100.00409pt.
 <./tokens_8h_a52689ed879208a78d3f6469f95c99518_icgraph.pdf

pdfTeX warning: pdflatex (file ./tokens_8h_a52689ed879208a78d3f6469f95c99518_ic
graph.pdf): PDF inclusion: multiple pdfs with page group included in a single p
age
>
<tokens_8h_a52689ed879208a78d3f6469f95c99518_icgraph.pdf, id=3519, 280.04625pt 
x 100.375pt>
File: tokens_8h_a52689ed879208a78d3f6469f95c99518_icgraph.pdf Graphic file (typ
e pdf)
<use tokens_8h_a52689ed879208a78d3f6469f95c99518_icgraph.pdf>
Package pdftex.def Info: tokens_8h_a52689ed879208a78d3f6469f95c99518_icgraph.pd
f  used on input line 434.
(pdftex.def)             Requested size: 279.0pt x 100.00409pt.
 [64]
Underfull \hbox (badness 10000) detected at line 447
[][][]
 []

 <./tokens_8h_a0cd7f312eb96538a7291e9c5137e7d67_cgraph.pdf>
<tokens_8h_a0cd7f312eb96538a7291e9c5137e7d67_cgraph.pdf, id=3537, 434.62375pt x
 252.945pt>
File: tokens_8h_a0cd7f312eb96538a7291e9c5137e7d67_cgraph.pdf Graphic file (type
 pdf)
<use tokens_8h_a0cd7f312eb96538a7291e9c5137e7d67_cgraph.pdf>
Package pdftex.def Info: tokens_8h_a0cd7f312eb96538a7291e9c5137e7d67_cgraph.pdf
  used on input line 455.
(pdftex.def)             Requested size: 350.0pt x 203.70714pt.
 <./tokens_8h_a0cd7f312eb96538a7291e9c5137e7d67_icgraph.pdf

pdfTeX warning: pdflatex (file ./tokens_8h_a0cd7f312eb96538a7291e9c5137e7d67_ic
graph.pdf): PDF inclusion: multiple pdfs with page group included in a single p
age
>
<tokens_8h_a0cd7f312eb96538a7291e9c5137e7d67_icgraph.pdf, id=3546, 332.24126pt 
x 100.375pt>
File: tokens_8h_a0cd7f312eb96538a7291e9c5137e7d67_icgraph.pdf Graphic file (typ
e pdf)
<use tokens_8h_a0cd7f312eb96538a7291e9c5137e7d67_icgraph.pdf>
Package pdftex.def Info: tokens_8h_a0cd7f312eb96538a7291e9c5137e7d67_icgraph.pd
f  used on input line 463.
(pdftex.def)             Requested size: 331.0pt x 100.00562pt.
) (./utils_8h.tex <./utils_8h__dep__incl.pdf

pdfTeX warning: pdflatex (file ./utils_8h__dep__incl.pdf): PDF inclusion: multi
ple pdfs with page group included in a single page
>
<utils_8h__dep__incl.pdf, id=3554, 3594.42876pt x 481.8pt>
File: utils_8h__dep__incl.pdf Graphic file (type pdf)
<use utils_8h__dep__incl.pdf>
Package pdftex.def Info: utils_8h__dep__incl.pdf  used on input line 8.
(pdftex.def)             Requested size: 350.0pt x 46.91098pt.
 [65] <./utils_8h_a086b54c63c0a606eda1f5ab03f5dc613_icgraph.pdf>
<utils_8h_a086b54c63c0a606eda1f5ab03f5dc613_icgraph.pdf, id=3589, 399.4925pt x 
111.41624pt>
File: utils_8h_a086b54c63c0a606eda1f5ab03f5dc613_icgraph.pdf Graphic file (type
 pdf)
<use utils_8h_a086b54c63c0a606eda1f5ab03f5dc613_icgraph.pdf>
Package pdftex.def Info: utils_8h_a086b54c63c0a606eda1f5ab03f5dc613_icgraph.pdf
  used on input line 68.
(pdftex.def)             Requested size: 350.0pt x 97.61816pt.
 [66] <./utils_8h_a82e1a101ee1ac2cf215d1ae85a229b2a_cgraph.pdf

pdfTeX warning: pdflatex (file ./utils_8h_a82e1a101ee1ac2cf215d1ae85a229b2a_cgr
aph.pdf): PDF inclusion: multiple pdfs with page group included in a single pag
e
>
<utils_8h_a82e1a101ee1ac2cf215d1ae85a229b2a_cgraph.pdf, id=3613, 334.24875pt x 
150.5625pt>
File: utils_8h_a82e1a101ee1ac2cf215d1ae85a229b2a_cgraph.pdf Graphic file (type 
pdf)
<use utils_8h_a82e1a101ee1ac2cf215d1ae85a229b2a_cgraph.pdf>
Package pdftex.def Info: utils_8h_a82e1a101ee1ac2cf215d1ae85a229b2a_cgraph.pdf 
 used on input line 93.
(pdftex.def)             Requested size: 333.0pt x 150.01303pt.
 <./utils_8h_a82e1a101ee1ac2cf215d1ae85a229b2a_icgraph.pdf

pdfTeX warning: pdflatex (file ./utils_8h_a82e1a101ee1ac2cf215d1ae85a229b2a_icg
raph.pdf): PDF inclusion: multiple pdfs with page group included in a single pa
ge
>
<utils_8h_a82e1a101ee1ac2cf215d1ae85a229b2a_icgraph.pdf, id=3621, 246.9225pt x 
100.375pt>
File: utils_8h_a82e1a101ee1ac2cf215d1ae85a229b2a_icgraph.pdf Graphic file (type
 pdf)
<use utils_8h_a82e1a101ee1ac2cf215d1ae85a229b2a_icgraph.pdf>
Package pdftex.def Info: utils_8h_a82e1a101ee1ac2cf215d1ae85a229b2a_icgraph.pdf
  used on input line 101.
(pdftex.def)             Requested size: 246.0pt x 99.9995pt.
 [67]
Underfull \hbox (badness 10000) detected at line 122
[][][]
 []

 <./utils_8h_a71fd607967a09a5920d287948cf3c09c_icgraph.pdf>
<utils_8h_a71fd607967a09a5920d287948cf3c09c_icgraph.pdf, id=3638, 582.175pt x 1
19.44624pt>
File: utils_8h_a71fd607967a09a5920d287948cf3c09c_icgraph.pdf Graphic file (type
 pdf)
<use utils_8h_a71fd607967a09a5920d287948cf3c09c_icgraph.pdf>
Package pdftex.def Info: utils_8h_a71fd607967a09a5920d287948cf3c09c_icgraph.pdf
  used on input line 130.
(pdftex.def)             Requested size: 350.0pt x 71.81227pt.
 [68] <./utils_8h_a996dc7a5fcf46eadf1715ad1426c7094_icgraph.pdf>
<utils_8h_a996dc7a5fcf46eadf1715ad1426c7094_icgraph.pdf, id=3654, 562.1pt x 100
.375pt>
File: utils_8h_a996dc7a5fcf46eadf1715ad1426c7094_icgraph.pdf Graphic file (type
 pdf)
<use utils_8h_a996dc7a5fcf46eadf1715ad1426c7094_icgraph.pdf>
Package pdftex.def Info: utils_8h_a996dc7a5fcf46eadf1715ad1426c7094_icgraph.pdf
  used on input line 159.
(pdftex.def)             Requested size: 350.0pt x 62.49988pt.

Underfull \hbox (badness 10000) detected at line 181
[][][]
 []

 <./utils_8h_a1f2ff2312e5994560c9537cd9173be94_icgraph.pdf

pdfTeX warning: pdflatex (file ./utils_8h_a1f2ff2312e5994560c9537cd9173be94_icg
raph.pdf): PDF inclusion: multiple pdfs with page group included in a single pa
ge
>
<utils_8h_a1f2ff2312e5994560c9537cd9173be94_icgraph.pdf, id=3663, 608.2725pt x 
367.3725pt>
File: utils_8h_a1f2ff2312e5994560c9537cd9173be94_icgraph.pdf Graphic file (type
 pdf)
<use utils_8h_a1f2ff2312e5994560c9537cd9173be94_icgraph.pdf>
Package pdftex.def Info: utils_8h_a1f2ff2312e5994560c9537cd9173be94_icgraph.pdf
  used on input line 189.
(pdftex.def)             Requested size: 350.0pt x 211.38889pt.
 [69] <./utils_8h_ad3c75f2a3269bddd35b1bf10b1dee31a_cgraph.pdf>
<utils_8h_ad3c75f2a3269bddd35b1bf10b1dee31a_cgraph.pdf, id=3688, 963.6pt x 596.
2275pt>
File: utils_8h_ad3c75f2a3269bddd35b1bf10b1dee31a_cgraph.pdf Graphic file (type 
pdf)
<use utils_8h_ad3c75f2a3269bddd35b1bf10b1dee31a_cgraph.pdf>
Package pdftex.def Info: utils_8h_ad3c75f2a3269bddd35b1bf10b1dee31a_cgraph.pdf 
 used on input line 214.
(pdftex.def)             Requested size: 350.0pt x 216.56134pt.
 [70] <./utils_8h_ad3c75f2a3269bddd35b1bf10b1dee31a_icgraph.pdf>
<utils_8h_ad3c75f2a3269bddd35b1bf10b1dee31a_icgraph.pdf, id=3710, 237.88875pt x
 100.375pt>
File: utils_8h_ad3c75f2a3269bddd35b1bf10b1dee31a_icgraph.pdf Graphic file (type
 pdf)
<use utils_8h_ad3c75f2a3269bddd35b1bf10b1dee31a_icgraph.pdf>
Package pdftex.def Info: utils_8h_ad3c75f2a3269bddd35b1bf10b1dee31a_icgraph.pdf
  used on input line 222.
(pdftex.def)             Requested size: 237.0pt x 100.00409pt.
 <./utils_8h_a76a506928b6073a8fc13a07641e7fc40_cgraph.pdf

pdfTeX warning: pdflatex (file ./utils_8h_a76a506928b6073a8fc13a07641e7fc40_cgr
aph.pdf): PDF inclusion: multiple pdfs with page group included in a single pag
e
>
<utils_8h_a76a506928b6073a8fc13a07641e7fc40_cgraph.pdf, id=3719, 497.86pt x 111
.41624pt>
File: utils_8h_a76a506928b6073a8fc13a07641e7fc40_cgraph.pdf Graphic file (type 
pdf)
<use utils_8h_a76a506928b6073a8fc13a07641e7fc40_cgraph.pdf>
Package pdftex.def Info: utils_8h_a76a506928b6073a8fc13a07641e7fc40_cgraph.pdf 
 used on input line 249.
(pdftex.def)             Requested size: 350.0pt x 78.32744pt.
 [71] <./utils_8h_a76a506928b6073a8fc13a07641e7fc40_icgraph.pdf>
<utils_8h_a76a506928b6073a8fc13a07641e7fc40_icgraph.pdf, id=3735, 218.8175pt x 
100.375pt>
File: utils_8h_a76a506928b6073a8fc13a07641e7fc40_icgraph.pdf Graphic file (type
 pdf)
<use utils_8h_a76a506928b6073a8fc13a07641e7fc40_icgraph.pdf>
Package pdftex.def Info: utils_8h_a76a506928b6073a8fc13a07641e7fc40_icgraph.pdf
  used on input line 257.
(pdftex.def)             Requested size: 218.0pt x 100.00102pt.
)
(./mini__signals_8c.tex <./mini__signals_8c__incl.pdf

pdfTeX warning: pdflatex (file ./mini__signals_8c__incl.pdf): PDF inclusion: mu
ltiple pdfs with page group included in a single page
>
<mini__signals_8c__incl.pdf, id=3743, 724.7075pt x 212.795pt>
File: mini__signals_8c__incl.pdf Graphic file (type pdf)
<use mini__signals_8c__incl.pdf>
Package pdftex.def Info: mini__signals_8c__incl.pdf  used on input line 9.
(pdftex.def)             Requested size: 350.0pt x 102.77034pt.
 [72] <./mini__signals_8c_abfd13da893fd673eeee5ac3446e623f3_icgraph.pdf>
<mini__signals_8c_abfd13da893fd673eeee5ac3446e623f3_icgraph.pdf, id=3762, 240.9
pt x 100.375pt>
File: mini__signals_8c_abfd13da893fd673eeee5ac3446e623f3_icgraph.pdf Graphic fi
le (type pdf)
<use mini__signals_8c_abfd13da893fd673eeee5ac3446e623f3_icgraph.pdf>
Package pdftex.def Info: mini__signals_8c_abfd13da893fd673eeee5ac3446e623f3_icg
raph.pdf  used on input line 39.
(pdftex.def)             Requested size: 240.0pt x 100.00255pt.
)
(./builtin__cd_8c.tex <./builtin__cd_8c__incl.pdf

pdfTeX warning: pdflatex (file ./builtin__cd_8c__incl.pdf): PDF inclusion: mult
iple pdfs with page group included in a single page
>
<builtin__cd_8c__incl.pdf, id=3770, 851.18pt x 437.635pt>
File: builtin__cd_8c__incl.pdf Graphic file (type pdf)
<use builtin__cd_8c__incl.pdf>
Package pdftex.def Info: builtin__cd_8c__incl.pdf  used on input line 9.
(pdftex.def)             Requested size: 350.0pt x 179.95238pt.
 [73]
Underfull \hbox (badness 10000) detected at line 45
[][][]
 []

 <./builtin__cd_8c_a395b29beb295ad6e29c9dc6889451ae8_cgraph.pdf>
<builtin__cd_8c_a395b29beb295ad6e29c9dc6889451ae8_cgraph.pdf, id=3801, 424.5862
4pt x 100.375pt>
File: builtin__cd_8c_a395b29beb295ad6e29c9dc6889451ae8_cgraph.pdf Graphic file 
(type pdf)
<use builtin__cd_8c_a395b29beb295ad6e29c9dc6889451ae8_cgraph.pdf>
Package pdftex.def Info: builtin__cd_8c_a395b29beb295ad6e29c9dc6889451ae8_cgrap
h.pdf  used on input line 53.
(pdftex.def)             Requested size: 350.0pt x 82.74605pt.
 <./builtin__cd_8c_a395b29beb295ad6e29c9dc6889451ae8_icgraph.pdf

pdfTeX warning: pdflatex (file ./builtin__cd_8c_a395b29beb295ad6e29c9dc6889451a
e8_icgraph.pdf): PDF inclusion: multiple pdfs with page group included in a sin
gle page
>
<builtin__cd_8c_a395b29beb295ad6e29c9dc6889451ae8_icgraph.pdf, id=3809, 263.986
25pt x 100.375pt>
File: builtin__cd_8c_a395b29beb295ad6e29c9dc6889451ae8_icgraph.pdf Graphic file
 (type pdf)
<use builtin__cd_8c_a395b29beb295ad6e29c9dc6889451ae8_icgraph.pdf>
Package pdftex.def Info: builtin__cd_8c_a395b29beb295ad6e29c9dc6889451ae8_icgra
ph.pdf  used on input line 61.
(pdftex.def)             Requested size: 263.0pt x 100.00562pt.
 [74]
Underfull \hbox (badness 10000) detected at line 83
[][][]
 []

 <./builtin__cd_8c_ae06c6c0697a13ceee88c6dc69b1d5a16_cgraph.pdf>
<builtin__cd_8c_ae06c6c0697a13ceee88c6dc69b1d5a16_cgraph.pdf, id=3826, 429.605p
t x 100.375pt>
File: builtin__cd_8c_ae06c6c0697a13ceee88c6dc69b1d5a16_cgraph.pdf Graphic file 
(type pdf)
<use builtin__cd_8c_ae06c6c0697a13ceee88c6dc69b1d5a16_cgraph.pdf>
Package pdftex.def Info: builtin__cd_8c_ae06c6c0697a13ceee88c6dc69b1d5a16_cgrap
h.pdf  used on input line 91.
(pdftex.def)             Requested size: 350.0pt x 81.77655pt.
 <./builtin__cd_8c_ae06c6c0697a13ceee88c6dc69b1d5a16_icgraph.pdf

pdfTeX warning: pdflatex (file ./builtin__cd_8c_ae06c6c0697a13ceee88c6dc69b1d5a
16_icgraph.pdf): PDF inclusion: multiple pdfs with page group included in a sin
gle page
>
<builtin__cd_8c_ae06c6c0697a13ceee88c6dc69b1d5a16_icgraph.pdf, id=3834, 269.005
pt x 100.375pt>
File: builtin__cd_8c_ae06c6c0697a13ceee88c6dc69b1d5a16_icgraph.pdf Graphic file
 (type pdf)
<use builtin__cd_8c_ae06c6c0697a13ceee88c6dc69b1d5a16_icgraph.pdf>
Package pdftex.def Info: builtin__cd_8c_ae06c6c0697a13ceee88c6dc69b1d5a16_icgra
ph.pdf  used on input line 99.
(pdftex.def)             Requested size: 268.0pt x 100.00102pt.
 [75] <./builtin__cd_8c_a55d9390ca06bb118bc1459d4d4885b43_cgraph.pdf>
<builtin__cd_8c_a55d9390ca06bb118bc1459d4d4885b43_cgraph.pdf, id=3852, 528.9762
6pt x 182.6825pt>
File: builtin__cd_8c_a55d9390ca06bb118bc1459d4d4885b43_cgraph.pdf Graphic file 
(type pdf)
<use builtin__cd_8c_a55d9390ca06bb118bc1459d4d4885b43_cgraph.pdf>
Package pdftex.def Info: builtin__cd_8c_a55d9390ca06bb118bc1459d4d4885b43_cgrap
h.pdf  used on input line 126.
(pdftex.def)             Requested size: 350.0pt x 120.87186pt.
 <./builtin__cd_8c_a55d9390ca06bb118bc1459d4d4885b43_icgraph.pdf

pdfTeX warning: pdflatex (file ./builtin__cd_8c_a55d9390ca06bb118bc1459d4d4885b
43_icgraph.pdf): PDF inclusion: multiple pdfs with page group included in a sin
gle page
>
<builtin__cd_8c_a55d9390ca06bb118bc1459d4d4885b43_icgraph.pdf, id=3860, 263.986
25pt x 100.375pt>
File: builtin__cd_8c_a55d9390ca06bb118bc1459d4d4885b43_icgraph.pdf Graphic file
 (type pdf)
<use builtin__cd_8c_a55d9390ca06bb118bc1459d4d4885b43_icgraph.pdf>
Package pdftex.def Info: builtin__cd_8c_a55d9390ca06bb118bc1459d4d4885b43_icgra
ph.pdf  used on input line 134.
(pdftex.def)             Requested size: 263.0pt x 100.00562pt.
 [76] <./builtin__cd_8c_a7fb6cac5d2bc96d289257b496b3a1c2a_cgraph.pdf>
<builtin__cd_8c_a7fb6cac5d2bc96d289257b496b3a1c2a_cgraph.pdf, id=3877, 634.37pt
 x 223.83624pt>
File: builtin__cd_8c_a7fb6cac5d2bc96d289257b496b3a1c2a_cgraph.pdf Graphic file 
(type pdf)
<use builtin__cd_8c_a7fb6cac5d2bc96d289257b496b3a1c2a_cgraph.pdf>
Package pdftex.def Info: builtin__cd_8c_a7fb6cac5d2bc96d289257b496b3a1c2a_cgrap
h.pdf  used on input line 168.
(pdftex.def)             Requested size: 350.0pt x 123.49966pt.
)
(./builtin__echo_8c.tex <./builtin__echo_8c__incl.pdf

pdfTeX warning: pdflatex (file ./builtin__echo_8c__incl.pdf): PDF inclusion: mu
ltiple pdfs with page group included in a single page
>
<builtin__echo_8c__incl.pdf, id=3885, 757.83125pt x 448.67625pt>
File: builtin__echo_8c__incl.pdf Graphic file (type pdf)
<use builtin__echo_8c__incl.pdf>
Package pdftex.def Info: builtin__echo_8c__incl.pdf  used on input line 10.
(pdftex.def)             Requested size: 350.0pt x 207.22197pt.
 [77]) (./builtin__env_8c.tex <./builtin__env_8c__incl.pdf>
<builtin__env_8c__incl.pdf, id=3908, 757.83125pt x 448.67625pt>
File: builtin__env_8c__incl.pdf Graphic file (type pdf)
<use builtin__env_8c__incl.pdf>
Package pdftex.def Info: builtin__env_8c__incl.pdf  used on input line 10.
(pdftex.def)             Requested size: 350.0pt x 207.22197pt.
 [78] <./builtin__env_8c_a5cf7109c52809d01dd2115412373bf91_cgraph.pdf>
<builtin__env_8c_a5cf7109c52809d01dd2115412373bf91_cgraph.pdf, id=3929, 315.177
5pt x 100.375pt>
File: builtin__env_8c_a5cf7109c52809d01dd2115412373bf91_cgraph.pdf Graphic file
 (type pdf)
<use builtin__env_8c_a5cf7109c52809d01dd2115412373bf91_cgraph.pdf>
Package pdftex.def Info: builtin__env_8c_a5cf7109c52809d01dd2115412373bf91_cgra
ph.pdf  used on input line 43.
(pdftex.def)             Requested size: 314.0pt x 100.00562pt.
) (./builtin__exit_8c.tex <./builtin__exit_8c__incl.pdf

pdfTeX warning: pdflatex (file ./builtin__exit_8c__incl.pdf): PDF inclusion: mu
ltiple pdfs with page group included in a single page
>
<builtin__exit_8c__incl.pdf, id=3937, 757.83125pt x 448.67625pt>
File: builtin__exit_8c__incl.pdf Graphic file (type pdf)
<use builtin__exit_8c__incl.pdf>
Package pdftex.def Info: builtin__exit_8c__incl.pdf  used on input line 10.
(pdftex.def)             Requested size: 350.0pt x 207.22197pt.
 [79]
Underfull \hbox (badness 10000) detected at line 50
[][][]
 []

 <./builtin__exit_8c_a4ece4450a4d931dd059944a7aca9d5f7_cgraph.pdf>
<builtin__exit_8c_a4ece4450a4d931dd059944a7aca9d5f7_cgraph.pdf, id=3962, 249.93
375pt x 100.375pt>
File: builtin__exit_8c_a4ece4450a4d931dd059944a7aca9d5f7_cgraph.pdf Graphic fil
e (type pdf)
<use builtin__exit_8c_a4ece4450a4d931dd059944a7aca9d5f7_cgraph.pdf>
Package pdftex.def Info: builtin__exit_8c_a4ece4450a4d931dd059944a7aca9d5f7_cgr
aph.pdf  used on input line 58.
(pdftex.def)             Requested size: 249.0pt x 100.00409pt.
 <./builtin__exit_8c_a4ece4450a4d931dd059944a7aca9d5f7_icgraph.pdf

pdfTeX warning: pdflatex (file ./builtin__exit_8c_a4ece4450a4d931dd059944a7aca9
d5f7_icgraph.pdf): PDF inclusion: multiple pdfs with page group included in a s
ingle page
>
<builtin__exit_8c_a4ece4450a4d931dd059944a7aca9d5f7_icgraph.pdf, id=3970, 345.2
9pt x 100.375pt>
File: builtin__exit_8c_a4ece4450a4d931dd059944a7aca9d5f7_icgraph.pdf Graphic fi
le (type pdf)
<use builtin__exit_8c_a4ece4450a4d931dd059944a7aca9d5f7_icgraph.pdf>
Package pdftex.def Info: builtin__exit_8c_a4ece4450a4d931dd059944a7aca9d5f7_icg
raph.pdf  used on input line 66.
(pdftex.def)             Requested size: 344.0pt x 100.00102pt.
) (./builtin__export_8c.tex [80] <./builtin__export_8c__incl.pdf>
<builtin__export_8c__incl.pdf, id=3987, 814.04124pt x 448.67625pt>
File: builtin__export_8c__incl.pdf Graphic file (type pdf)
<use builtin__export_8c__incl.pdf>
Package pdftex.def Info: builtin__export_8c__incl.pdf  used on input line 10.
(pdftex.def)             Requested size: 350.0pt x 192.90648pt.
 [81] <./builtin__export_8c_ab2c5f1eb393436a98c3b3e5c78d6ac10_cgraph.pdf>
<builtin__export_8c_ab2c5f1eb393436a98c3b3e5c78d6ac10_cgraph.pdf, id=4010, 492.
84125pt x 199.74625pt>
File: builtin__export_8c_ab2c5f1eb393436a98c3b3e5c78d6ac10_cgraph.pdf Graphic f
ile (type pdf)
<use builtin__export_8c_ab2c5f1eb393436a98c3b3e5c78d6ac10_cgraph.pdf>
Package pdftex.def Info: builtin__export_8c_ab2c5f1eb393436a98c3b3e5c78d6ac10_c
graph.pdf  used on input line 45.
(pdftex.def)             Requested size: 350.0pt x 141.86044pt.
)
(./builtin__export__ext_8c.tex <./builtin__export__ext_8c__incl.pdf

pdfTeX warning: pdflatex (file ./builtin__export__ext_8c__incl.pdf): PDF inclus
ion: multiple pdfs with page group included in a single page
>
<builtin__export__ext_8c__incl.pdf, id=4018, 814.04124pt x 448.67625pt>
File: builtin__export__ext_8c__incl.pdf Graphic file (type pdf)
<use builtin__export__ext_8c__incl.pdf>
Package pdftex.def Info: builtin__export__ext_8c__incl.pdf  used on input line 
10.
(pdftex.def)             Requested size: 350.0pt x 192.90648pt.
 [82]
Underfull \hbox (badness 10000) detected at line 40
[][][]
 []

 <./builtin__export__ext_8c_af8f1581b0ca6e447d45c1bc969067615_icgraph.pdf>
<builtin__export__ext_8c_af8f1581b0ca6e447d45c1bc969067615_icgraph.pdf, id=4044
, 322.20375pt x 111.41624pt>
File: builtin__export__ext_8c_af8f1581b0ca6e447d45c1bc969067615_icgraph.pdf Gra
phic file (type pdf)
<use builtin__export__ext_8c_af8f1581b0ca6e447d45c1bc969067615_icgraph.pdf>
Package pdftex.def Info: builtin__export__ext_8c_af8f1581b0ca6e447d45c1bc969067
615_icgraph.pdf  used on input line 48.
(pdftex.def)             Requested size: 321.0pt x 111.00455pt.
)
(./builtin__pwd_8c.tex <./builtin__pwd_8c__incl.pdf

pdfTeX warning: pdflatex (file ./builtin__pwd_8c__incl.pdf): PDF inclusion: mul
tiple pdfs with page group included in a single page
>
<builtin__pwd_8c__incl.pdf, id=4052, 757.83125pt x 448.67625pt>
File: builtin__pwd_8c__incl.pdf Graphic file (type pdf)
<use builtin__pwd_8c__incl.pdf>
Package pdftex.def Info: builtin__pwd_8c__incl.pdf  used on input line 10.
(pdftex.def)             Requested size: 350.0pt x 207.22197pt.
 [83]
Underfull \hbox (badness 10000) detected at line 35
[][][]
 []

 <./builtin__pwd_8c_a956d2ecae20f0df8dbefeff18d156913_icgraph.pdf>
<builtin__pwd_8c_a956d2ecae20f0df8dbefeff18d156913_icgraph.pdf, id=4070, 306.14
375pt x 100.375pt>
File: builtin__pwd_8c_a956d2ecae20f0df8dbefeff18d156913_icgraph.pdf Graphic fil
e (type pdf)
<use builtin__pwd_8c_a956d2ecae20f0df8dbefeff18d156913_icgraph.pdf>
Package pdftex.def Info: builtin__pwd_8c_a956d2ecae20f0df8dbefeff18d156913_icgr
aph.pdf  used on input line 43.
(pdftex.def)             Requested size: 305.0pt x 100.00562pt.
 [84] <./builtin__pwd_8c_a934935ab5a95976fad4ae748c608c26c_cgraph.pdf>
<builtin__pwd_8c_a934935ab5a95976fad4ae748c608c26c_cgraph.pdf, id=4088, 306.143
75pt x 100.375pt>
File: builtin__pwd_8c_a934935ab5a95976fad4ae748c608c26c_cgraph.pdf Graphic file
 (type pdf)
<use builtin__pwd_8c_a934935ab5a95976fad4ae748c608c26c_cgraph.pdf>
Package pdftex.def Info: builtin__pwd_8c_a934935ab5a95976fad4ae748c608c26c_cgra
ph.pdf  used on input line 68.
(pdftex.def)             Requested size: 305.0pt x 100.00562pt.
)
(./builtin__set__private_8c.tex <./builtin__set__private_8c__incl.pdf

pdfTeX warning: pdflatex (file ./builtin__set__private_8c__incl.pdf): PDF inclu
sion: multiple pdfs with page group included in a single page
>
<builtin__set__private_8c__incl.pdf, id=4096, 757.83125pt x 448.67625pt>
File: builtin__set__private_8c__incl.pdf Graphic file (type pdf)
<use builtin__set__private_8c__incl.pdf>
Package pdftex.def Info: builtin__set__private_8c__incl.pdf  used on input line
 10.
(pdftex.def)             Requested size: 350.0pt x 207.22197pt.
 [85] <./builtin__set__private_8c_af64f6341c2139cafd98499d593d25c8b_cgraph.pdf>
<builtin__set__private_8c_af64f6341c2139cafd98499d593d25c8b_cgraph.pdf, id=4117
, 536.0025pt x 111.41624pt>
File: builtin__set__private_8c_af64f6341c2139cafd98499d593d25c8b_cgraph.pdf Gra
phic file (type pdf)
<use builtin__set__private_8c_af64f6341c2139cafd98499d593d25c8b_cgraph.pdf>
Package pdftex.def Info: builtin__set__private_8c_af64f6341c2139cafd98499d593d2
5c8b_cgraph.pdf  used on input line 45.
(pdftex.def)             Requested size: 350.0pt x 72.75291pt.
) (./builtin__unset_8c.tex [86] <./builtin__unset_8c__incl.pdf>
<builtin__unset_8c__incl.pdf, id=4135, 757.83125pt x 448.67625pt>
File: builtin__unset_8c__incl.pdf Graphic file (type pdf)
<use builtin__unset_8c__incl.pdf>
Package pdftex.def Info: builtin__unset_8c__incl.pdf  used on input line 10.
(pdftex.def)             Requested size: 350.0pt x 207.22197pt.
 [87] <./builtin__unset_8c_a3e03b837d14a21ec30c78edfb289982e_cgraph.pdf>
<builtin__unset_8c_a3e03b837d14a21ec30c78edfb289982e_cgraph.pdf, id=4158, 433.6
2pt x 100.375pt>
File: builtin__unset_8c_a3e03b837d14a21ec30c78edfb289982e_cgraph.pdf Graphic fi
le (type pdf)
<use builtin__unset_8c_a3e03b837d14a21ec30c78edfb289982e_cgraph.pdf>
Package pdftex.def Info: builtin__unset_8c_a3e03b837d14a21ec30c78edfb289982e_cg
raph.pdf  used on input line 45.
(pdftex.def)             Requested size: 350.0pt x 81.02301pt.
)
(./environment__create_8c.tex <./environment__create_8c__incl.pdf

pdfTeX warning: pdflatex (file ./environment__create_8c__incl.pdf): PDF inclusi
on: multiple pdfs with page group included in a single page
>
<environment__create_8c__incl.pdf, id=4166, 814.04124pt x 448.67625pt>
File: environment__create_8c__incl.pdf Graphic file (type pdf)
<use environment__create_8c__incl.pdf>
Package pdftex.def Info: environment__create_8c__incl.pdf  used on input line 1
0.
(pdftex.def)             Requested size: 350.0pt x 192.90648pt.
 [88]
Underfull \hbox (badness 10000) detected at line 42
[][][]
 []

 <./environment__create_8c_aa43e73f885f69e85d92b709f5d5877cf_cgraph.pdf>
<environment__create_8c_aa43e73f885f69e85d92b709f5d5877cf_cgraph.pdf, id=4194, 
392.46625pt x 111.41624pt>
File: environment__create_8c_aa43e73f885f69e85d92b709f5d5877cf_cgraph.pdf Graph
ic file (type pdf)
<use environment__create_8c_aa43e73f885f69e85d92b709f5d5877cf_cgraph.pdf>
Package pdftex.def Info: environment__create_8c_aa43e73f885f69e85d92b709f5d5877
cf_cgraph.pdf  used on input line 50.
(pdftex.def)             Requested size: 350.0pt x 99.36755pt.
 <./environment__create_8c_aa43e73f885f69e85d92b709f5d5877cf_icgraph.pdf

pdfTeX warning: pdflatex (file ./environment__create_8c_aa43e73f885f69e85d92b70
9f5d5877cf_icgraph.pdf): PDF inclusion: multiple pdfs with page group included 
in a single page
>
<environment__create_8c_aa43e73f885f69e85d92b709f5d5877cf_icgraph.pdf, id=4202,
 462.72874pt x 138.5175pt>
File: environment__create_8c_aa43e73f885f69e85d92b709f5d5877cf_icgraph.pdf Grap
hic file (type pdf)
<use environment__create_8c_aa43e73f885f69e85d92b709f5d5877cf_icgraph.pdf>
Package pdftex.def Info: environment__create_8c_aa43e73f885f69e85d92b709f5d5877
cf_icgraph.pdf  used on input line 58.
(pdftex.def)             Requested size: 350.0pt x 104.77345pt.
 [89]
Underfull \hbox (badness 10000) detected at line 78
[][][]
 []

 <./environment__create_8c_abdbcf7a0de2e20d935f1ea841edd111c_cgraph.pdf>
<environment__create_8c_abdbcf7a0de2e20d935f1ea841edd111c_cgraph.pdf, id=4219, 
400.49625pt x 111.41624pt>
File: environment__create_8c_abdbcf7a0de2e20d935f1ea841edd111c_cgraph.pdf Graph
ic file (type pdf)
<use environment__create_8c_abdbcf7a0de2e20d935f1ea841edd111c_cgraph.pdf>
Package pdftex.def Info: environment__create_8c_abdbcf7a0de2e20d935f1ea841edd11
1c_cgraph.pdf  used on input line 86.
(pdftex.def)             Requested size: 350.0pt x 97.37337pt.
 <./environment__create_8c_abdbcf7a0de2e20d935f1ea841edd111c_icgraph.pdf

pdfTeX warning: pdflatex (file ./environment__create_8c_abdbcf7a0de2e20d935f1ea
841edd111c_icgraph.pdf): PDF inclusion: multiple pdfs with page group included 
in a single page
>
<environment__create_8c_abdbcf7a0de2e20d935f1ea841edd111c_icgraph.pdf, id=4227,
 401.5pt x 100.375pt>
File: environment__create_8c_abdbcf7a0de2e20d935f1ea841edd111c_icgraph.pdf Grap
hic file (type pdf)
<use environment__create_8c_abdbcf7a0de2e20d935f1ea841edd111c_icgraph.pdf>
Package pdftex.def Info: environment__create_8c_abdbcf7a0de2e20d935f1ea841edd11
1c_icgraph.pdf  used on input line 94.
(pdftex.def)             Requested size: 350.0pt x 87.50626pt.
) (./environment__create__ext_8c.tex <./environment__create__ext_8c__incl.pdf

pdfTeX warning: pdflatex (file ./environment__create__ext_8c__incl.pdf): PDF in
clusion: multiple pdfs with page group included in a single page
>
<environment__create__ext_8c__incl.pdf, id=4235, 724.7075pt x 280.04625pt>
File: environment__create__ext_8c__incl.pdf Graphic file (type pdf)
<use environment__create__ext_8c__incl.pdf>
Package pdftex.def Info: environment__create__ext_8c__incl.pdf  used on input l
ine 9.
(pdftex.def)             Requested size: 350.0pt x 135.24965pt.
 [90]
Underfull \hbox (badness 10000) detected at line 37
[][][]
 []

 <./environment__create__ext_8c_acbde6845a327536b8af768878d83c4c7_icgraph.pdf>
<environment__create__ext_8c_acbde6845a327536b8af768878d83c4c7_icgraph.pdf, id=
4256, 644.4075pt x 176.66pt>
File: environment__create__ext_8c_acbde6845a327536b8af768878d83c4c7_icgraph.pdf
 Graphic file (type pdf)
<use environment__create__ext_8c_acbde6845a327536b8af768878d83c4c7_icgraph.pdf>

Package pdftex.def Info: environment__create__ext_8c_acbde6845a327536b8af768878
d83c4c7_icgraph.pdf  used on input line 45.
(pdftex.def)             Requested size: 350.0pt x 95.95296pt.
) (./environment__delete_8c.tex [91] <./environment__delete_8c__incl.pdf>
<environment__delete_8c__incl.pdf, id=4274, 814.04124pt x 448.67625pt>
File: environment__delete_8c__incl.pdf Graphic file (type pdf)
<use environment__delete_8c__incl.pdf>
Package pdftex.def Info: environment__delete_8c__incl.pdf  used on input line 1
0.
(pdftex.def)             Requested size: 350.0pt x 192.90648pt.

[92] <./environment__delete_8c_a09ee8956599f70273d6a9f91d3dac2e1_cgraph.pdf>
<environment__delete_8c_a09ee8956599f70273d6a9f91d3dac2e1_cgraph.pdf, id=4297, 
317.185pt x 100.375pt>
File: environment__delete_8c_a09ee8956599f70273d6a9f91d3dac2e1_cgraph.pdf Graph
ic file (type pdf)
<use environment__delete_8c_a09ee8956599f70273d6a9f91d3dac2e1_cgraph.pdf>
Package pdftex.def Info: environment__delete_8c_a09ee8956599f70273d6a9f91d3dac2
e1_cgraph.pdf  used on input line 47.
(pdftex.def)             Requested size: 316.0pt x 100.00868pt.
 <./environment__delete_8c_a09ee8956599f70273d6a9f91d3dac2e1_icgraph.pdf

pdfTeX warning: pdflatex (file ./environment__delete_8c_a09ee8956599f70273d6a9f
91d3dac2e1_icgraph.pdf): PDF inclusion: multiple pdfs with page group included 
in a single page
>
<environment__delete_8c_a09ee8956599f70273d6a9f91d3dac2e1_icgraph.pdf, id=4305,
 335.2525pt x 100.375pt>
File: environment__delete_8c_a09ee8956599f70273d6a9f91d3dac2e1_icgraph.pdf Grap
hic file (type pdf)
<use environment__delete_8c_a09ee8956599f70273d6a9f91d3dac2e1_icgraph.pdf>
Package pdftex.def Info: environment__delete_8c_a09ee8956599f70273d6a9f91d3dac2
e1_icgraph.pdf  used on input line 55.
(pdftex.def)             Requested size: 334.0pt x 99.9995pt.
 [93] <./environment__delete_8c_a1e020807d76e090dd0b63c91c71743be_icgraph.pdf>
<environment__delete_8c_a1e020807d76e090dd0b63c91c71743be_icgraph.pdf, id=4323,
 492.84125pt x 150.5625pt>
File: environment__delete_8c_a1e020807d76e090dd0b63c91c71743be_icgraph.pdf Grap
hic file (type pdf)
<use environment__delete_8c_a1e020807d76e090dd0b63c91c71743be_icgraph.pdf>
Package pdftex.def Info: environment__delete_8c_a1e020807d76e090dd0b63c91c71743
be_icgraph.pdf  used on input line 80.
(pdftex.def)             Requested size: 350.0pt x 106.92998pt.
) (./environment__expand_8c.tex <./environment__expand_8c__incl.pdf

pdfTeX warning: pdflatex (file ./environment__expand_8c__incl.pdf): PDF inclusi
on: multiple pdfs with page group included in a single page
>
<environment__expand_8c__incl.pdf, id=4331, 814.04124pt x 448.67625pt>
File: environment__expand_8c__incl.pdf Graphic file (type pdf)
<use environment__expand_8c__incl.pdf>
Package pdftex.def Info: environment__expand_8c__incl.pdf  used on input line 1
0.
(pdftex.def)             Requested size: 350.0pt x 192.90648pt.
 [94]
Underfull \hbox (badness 10000) detected at line 48
[][][]
 []

 <./environment__expand_8c_ad93e330995179cc3e902d34d845fd38f_icgraph.pdf>
<environment__expand_8c_ad93e330995179cc3e902d34d845fd38f_icgraph.pdf, id=4352,
 991.705pt x 176.66pt>
File: environment__expand_8c_ad93e330995179cc3e902d34d845fd38f_icgraph.pdf Grap
hic file (type pdf)
<use environment__expand_8c_ad93e330995179cc3e902d34d845fd38f_icgraph.pdf>
Package pdftex.def Info: environment__expand_8c_ad93e330995179cc3e902d34d845fd3
8f_icgraph.pdf  used on input line 56.
(pdftex.def)             Requested size: 350.0pt x 62.34677pt.
)
(./environment__read_8c.tex <./environment__read_8c__incl.pdf

pdfTeX warning: pdflatex (file ./environment__read_8c__incl.pdf): PDF inclusion
: multiple pdfs with page group included in a single page
>
<environment__read_8c__incl.pdf, id=4367, 814.04124pt x 448.67625pt>
File: environment__read_8c__incl.pdf Graphic file (type pdf)
<use environment__read_8c__incl.pdf>
Package pdftex.def Info: environment__read_8c__incl.pdf  used on input line 10.

(pdftex.def)             Requested size: 350.0pt x 192.90648pt.
 [95]
Overfull \vbox (31.74406pt too high) has occurred while \output is active []


[96]
Underfull \hbox (badness 10000) detected at line 50
[][][]
 []

 <./environment__read_8c_ac7c5460c1a96f16344370cbc8cafb875_icgraph.pdf>
<environment__read_8c_ac7c5460c1a96f16344370cbc8cafb875_icgraph.pdf, id=4407, 4
91.8375pt x 150.5625pt>
File: environment__read_8c_ac7c5460c1a96f16344370cbc8cafb875_icgraph.pdf Graphi
c file (type pdf)
<use environment__read_8c_ac7c5460c1a96f16344370cbc8cafb875_icgraph.pdf>
Package pdftex.def Info: environment__read_8c_ac7c5460c1a96f16344370cbc8cafb875
_icgraph.pdf  used on input line 58.
(pdftex.def)             Requested size: 350.0pt x 107.14594pt.
 <./environment__read_8c_a5bf51f4346f39138091b60abd05d5fab_cgraph.pdf

pdfTeX warning: pdflatex (file ./environment__read_8c_a5bf51f4346f39138091b60ab
d05d5fab_cgraph.pdf): PDF inclusion: multiple pdfs with page group included in 
a single page
>
<environment__read_8c_a5bf51f4346f39138091b60abd05d5fab_cgraph.pdf, id=4416, 37
2.39125pt x 188.705pt>
File: environment__read_8c_a5bf51f4346f39138091b60abd05d5fab_cgraph.pdf Graphic
 file (type pdf)
<use environment__read_8c_a5bf51f4346f39138091b60abd05d5fab_cgraph.pdf>
Package pdftex.def Info: environment__read_8c_a5bf51f4346f39138091b60abd05d5fab
_cgraph.pdf  used on input line 83.
(pdftex.def)             Requested size: 350.0pt x 177.36543pt.
 <./environment__read_8c_a5bf51f4346f39138091b60abd05d5fab_icgraph.pdf

pdfTeX warning: pdflatex (file ./environment__read_8c_a5bf51f4346f39138091b60ab
d05d5fab_icgraph.pdf): PDF inclusion: multiple pdfs with page group included in
 a single page
>
<environment__read_8c_a5bf51f4346f39138091b60abd05d5fab_icgraph.pdf, id=4424, 3
28.22626pt x 111.41624pt>
File: environment__read_8c_a5bf51f4346f39138091b60abd05d5fab_icgraph.pdf Graphi
c file (type pdf)
<use environment__read_8c_a5bf51f4346f39138091b60abd05d5fab_icgraph.pdf>
Package pdftex.def Info: environment__read_8c_a5bf51f4346f39138091b60abd05d5fab
_icgraph.pdf  used on input line 91.
(pdftex.def)             Requested size: 327.0pt x 111.00114pt.
 [97]
Underfull \hbox (badness 10000) detected at line 113
[][][]
 []

 <./environment__read_8c_a91813a28808629570986d5e88b912d5b_cgraph.pdf>
<environment__read_8c_a91813a28808629570986d5e88b912d5b_cgraph.pdf, id=4441, 30
5.14pt x 100.375pt>
File: environment__read_8c_a91813a28808629570986d5e88b912d5b_cgraph.pdf Graphic
 file (type pdf)
<use environment__read_8c_a91813a28808629570986d5e88b912d5b_cgraph.pdf>
Package pdftex.def Info: environment__read_8c_a91813a28808629570986d5e88b912d5b
_cgraph.pdf  used on input line 121.
(pdftex.def)             Requested size: 304.0pt x 100.00409pt.
 <./environment__read_8c_a91813a28808629570986d5e88b912d5b_icgraph.pdf

pdfTeX warning: pdflatex (file ./environment__read_8c_a91813a28808629570986d5e8
8b912d5b_icgraph.pdf): PDF inclusion: multiple pdfs with page group included in
 a single page
>
<environment__read_8c_a91813a28808629570986d5e88b912d5b_icgraph.pdf, id=4449, 4
80.79625pt x 214.8025pt>
File: environment__read_8c_a91813a28808629570986d5e88b912d5b_icgraph.pdf Graphi
c file (type pdf)
<use environment__read_8c_a91813a28808629570986d5e88b912d5b_icgraph.pdf>
Package pdftex.def Info: environment__read_8c_a91813a28808629570986d5e88b912d5b
_icgraph.pdf  used on input line 129.
(pdftex.def)             Requested size: 350.0pt x 156.37187pt.
 [98]
Underfull \hbox (badness 10000) detected at line 151
[][][]
 []

 <./environment__read_8c_af82670ad46acaaebb1e7dc2aac869ca9_cgraph.pdf>
<environment__read_8c_af82670ad46acaaebb1e7dc2aac869ca9_cgraph.pdf, id=4474, 33
4.24875pt x 100.375pt>
File: environment__read_8c_af82670ad46acaaebb1e7dc2aac869ca9_cgraph.pdf Graphic
 file (type pdf)
<use environment__read_8c_af82670ad46acaaebb1e7dc2aac869ca9_cgraph.pdf>
Package pdftex.def Info: environment__read_8c_af82670ad46acaaebb1e7dc2aac869ca9
_cgraph.pdf  used on input line 159.
(pdftex.def)             Requested size: 333.0pt x 100.00868pt.
 <./environment__read_8c_af82670ad46acaaebb1e7dc2aac869ca9_icgraph.pdf

pdfTeX warning: pdflatex (file ./environment__read_8c_af82670ad46acaaebb1e7dc2a
ac869ca9_icgraph.pdf): PDF inclusion: multiple pdfs with page group included in
 a single page
>
<environment__read_8c_af82670ad46acaaebb1e7dc2aac869ca9_icgraph.pdf, id=4482, 4
55.7025pt x 100.375pt>
File: environment__read_8c_af82670ad46acaaebb1e7dc2aac869ca9_icgraph.pdf Graphi
c file (type pdf)
<use environment__read_8c_af82670ad46acaaebb1e7dc2aac869ca9_icgraph.pdf>
Package pdftex.def Info: environment__read_8c_af82670ad46acaaebb1e7dc2aac869ca9
_icgraph.pdf  used on input line 167.
(pdftex.def)             Requested size: 350.0pt x 77.09445pt.
) (./environment__serialize_8c.tex [99] <./environment__serialize_8c__incl.pdf>
<environment__serialize_8c__incl.pdf, id=4500, 814.04124pt x 448.67625pt>
File: environment__serialize_8c__incl.pdf Graphic file (type pdf)
<use environment__serialize_8c__incl.pdf>
Package pdftex.def Info: environment__serialize_8c__incl.pdf  used on input lin
e 10.
(pdftex.def)             Requested size: 350.0pt x 192.90648pt.
 [100]
Underfull \hbox (badness 10000) detected at line 40
[][][]
 []

) (./environment__sorted_8c.tex <./environment__sorted_8c__incl.pdf>
<environment__sorted_8c__incl.pdf, id=4522, 814.04124pt x 448.67625pt>
File: environment__sorted_8c__incl.pdf Graphic file (type pdf)
<use environment__sorted_8c__incl.pdf>
Package pdftex.def Info: environment__sorted_8c__incl.pdf  used on input line 1
0.
(pdftex.def)             Requested size: 350.0pt x 192.90648pt.
 [101]
Underfull \hbox (badness 10000) detected at line 38
[][][]
 []

 <./environment__sorted_8c_a6a55fbf0bf9eb4c3426f38bbd6aa25af_icgraph.pdf>
<environment__sorted_8c_a6a55fbf0bf9eb4c3426f38bbd6aa25af_icgraph.pdf, id=4543,
 484.81125pt x 111.41624pt>
File: environment__sorted_8c_a6a55fbf0bf9eb4c3426f38bbd6aa25af_icgraph.pdf Grap
hic file (type pdf)
<use environment__sorted_8c_a6a55fbf0bf9eb4c3426f38bbd6aa25af_icgraph.pdf>
Package pdftex.def Info: environment__sorted_8c_a6a55fbf0bf9eb4c3426f38bbd6aa25
af_icgraph.pdf  used on input line 46.
(pdftex.def)             Requested size: 350.0pt x 80.43893pt.
)
(./execute_8c.tex <./execute_8c__incl.pdf

pdfTeX warning: pdflatex (file ./execute_8c__incl.pdf): PDF inclusion: multiple
 pdfs with page group included in a single page
>
<execute_8c__incl.pdf, id=4551, 793.96625pt x 437.635pt>
File: execute_8c__incl.pdf Graphic file (type pdf)
<use execute_8c__incl.pdf>
Package pdftex.def Info: execute_8c__incl.pdf  used on input line 10.
(pdftex.def)             Requested size: 350.0pt x 192.9206pt.
 [102] [103] <./execute_8c_a2478eeeb74eb074a546235289d2c20bd_cgraph.pdf>
<execute_8c_a2478eeeb74eb074a546235289d2c20bd_cgraph.pdf, id=4586, 677.53125pt 
x 211.79124pt>
File: execute_8c_a2478eeeb74eb074a546235289d2c20bd_cgraph.pdf Graphic file (typ
e pdf)
<use execute_8c_a2478eeeb74eb074a546235289d2c20bd_cgraph.pdf>
Package pdftex.def Info: execute_8c_a2478eeeb74eb074a546235289d2c20bd_cgraph.pd
f  used on input line 52.
(pdftex.def)             Requested size: 350.0pt x 109.4114pt.
 <./execute_8c_a2478eeeb74eb074a546235289d2c20bd_icgraph.pdf

pdfTeX warning: pdflatex (file ./execute_8c_a2478eeeb74eb074a546235289d2c20bd_i
cgraph.pdf): PDF inclusion: multiple pdfs with page group included in a single 
page
>
<execute_8c_a2478eeeb74eb074a546235289d2c20bd_icgraph.pdf, id=4601, 548.0475pt 
x 214.8025pt>
File: execute_8c_a2478eeeb74eb074a546235289d2c20bd_icgraph.pdf Graphic file (ty
pe pdf)
<use execute_8c_a2478eeeb74eb074a546235289d2c20bd_icgraph.pdf>
Package pdftex.def Info: execute_8c_a2478eeeb74eb074a546235289d2c20bd_icgraph.p
df  used on input line 60.
(pdftex.def)             Requested size: 350.0pt x 137.18141pt.
 [104]
Underfull \hbox (badness 10000) detected at line 82
[][][]
 []

 <./execute_8c_a7ae0b2ef56640c6936ffe657e13fa9f4_cgraph.pdf>
<execute_8c_a7ae0b2ef56640c6936ffe657e13fa9f4_cgraph.pdf, id=4620, 793.96625pt 
x 281.05pt>
File: execute_8c_a7ae0b2ef56640c6936ffe657e13fa9f4_cgraph.pdf Graphic file (typ
e pdf)
<use execute_8c_a7ae0b2ef56640c6936ffe657e13fa9f4_cgraph.pdf>
Package pdftex.def Info: execute_8c_a7ae0b2ef56640c6936ffe657e13fa9f4_cgraph.pd
f  used on input line 92.
(pdftex.def)             Requested size: 350.0pt x 123.89395pt.
 <./execute_8c_a7ae0b2ef56640c6936ffe657e13fa9f4_icgraph.pdf

pdfTeX warning: pdflatex (file ./execute_8c_a7ae0b2ef56640c6936ffe657e13fa9f4_i
cgraph.pdf): PDF inclusion: multiple pdfs with page group included in a single 
page
>
<execute_8c_a7ae0b2ef56640c6936ffe657e13fa9f4_icgraph.pdf, id=4635, 470.75874pt
 x 252.945pt>
File: execute_8c_a7ae0b2ef56640c6936ffe657e13fa9f4_icgraph.pdf Graphic file (ty
pe pdf)
<use execute_8c_a7ae0b2ef56640c6936ffe657e13fa9f4_icgraph.pdf>
Package pdftex.def Info: execute_8c_a7ae0b2ef56640c6936ffe657e13fa9f4_icgraph.p
df  used on input line 100.
(pdftex.def)             Requested size: 350.0pt x 188.06021pt.
) (./execute__append_8c.tex <./execute__append_8c__incl.pdf

pdfTeX warning: pdflatex (file ./execute__append_8c__incl.pdf): PDF inclusion: 
multiple pdfs with page group included in a single page
>
<execute__append_8c__incl.pdf, id=4643, 793.96625pt x 448.67625pt>
File: execute__append_8c__incl.pdf Graphic file (type pdf)
<use execute__append_8c__incl.pdf>
Package pdftex.def Info: execute__append_8c__incl.pdf  used on input line 10.
(pdftex.def)             Requested size: 350.0pt x 197.78786pt.
 [105] <./execute__append_8c_adba32900f19147f166f15e24a1253c23_cgraph.pdf>
<execute__append_8c_adba32900f19147f166f15e24a1253c23_cgraph.pdf, id=4664, 949.
5475pt x 249.93375pt>
File: execute__append_8c_adba32900f19147f166f15e24a1253c23_cgraph.pdf Graphic f
ile (type pdf)
<use execute__append_8c_adba32900f19147f166f15e24a1253c23_cgraph.pdf>
Package pdftex.def Info: execute__append_8c_adba32900f19147f166f15e24a1253c23_c
graph.pdf  used on input line 45.
(pdftex.def)             Requested size: 350.0pt x 92.12317pt.

[106] <./execute__append_8c_adba32900f19147f166f15e24a1253c23_icgraph.pdf>
<execute__append_8c_adba32900f19147f166f15e24a1253c23_icgraph.pdf, id=4694, 703
.62875pt x 176.66pt>
File: execute__append_8c_adba32900f19147f166f15e24a1253c23_icgraph.pdf Graphic 
file (type pdf)
<use execute__append_8c_adba32900f19147f166f15e24a1253c23_icgraph.pdf>
Package pdftex.def Info: execute__append_8c_adba32900f19147f166f15e24a1253c23_i
cgraph.pdf  used on input line 53.
(pdftex.def)             Requested size: 350.0pt x 87.87422pt.
)
(./execute__command_8c.tex <./execute__command_8c__incl.pdf

pdfTeX warning: pdflatex (file ./execute__command_8c__incl.pdf): PDF inclusion:
 multiple pdfs with page group included in a single page
>
<execute__command_8c__incl.pdf, id=4702, 793.96625pt x 448.67625pt>
File: execute__command_8c__incl.pdf Graphic file (type pdf)
<use execute__command_8c__incl.pdf>
Package pdftex.def Info: execute__command_8c__incl.pdf  used on input line 10.
(pdftex.def)             Requested size: 350.0pt x 197.78786pt.
 [107]
Underfull \hbox (badness 10000) detected at line 40
[][][]
 []

 <./execute__command_8c_a69654480f610064884dce4cc5aa2defd_icgraph.pdf>
<execute__command_8c_a69654480f610064884dce4cc5aa2defd_icgraph.pdf, id=4725, 64
5.41125pt x 252.945pt>
File: execute__command_8c_a69654480f610064884dce4cc5aa2defd_icgraph.pdf Graphic
 file (type pdf)
<use execute__command_8c_a69654480f610064884dce4cc5aa2defd_icgraph.pdf>
Package pdftex.def Info: execute__command_8c_a69654480f610064884dce4cc5aa2defd_
icgraph.pdf  used on input line 48.
(pdftex.def)             Requested size: 350.0pt x 137.1672pt.
)
(./execute__heredoc_8c.tex <./execute__heredoc_8c__incl.pdf

pdfTeX warning: pdflatex (file ./execute__heredoc_8c__incl.pdf): PDF inclusion:
 multiple pdfs with page group included in a single page
>
<execute__heredoc_8c__incl.pdf, id=4733, 793.96625pt x 448.67625pt>
File: execute__heredoc_8c__incl.pdf Graphic file (type pdf)
<use execute__heredoc_8c__incl.pdf>
Package pdftex.def Info: execute__heredoc_8c__incl.pdf  used on input line 10.
(pdftex.def)             Requested size: 350.0pt x 197.78786pt.
 [108] <./execute__heredoc_8c_af2d532ac8d7ed9514eb8782ae7882d53_icgraph.pdf>
<execute__heredoc_8c_af2d532ac8d7ed9514eb8782ae7882d53_icgraph.pdf, id=4753, 38
7.4475pt x 111.41624pt>
File: execute__heredoc_8c_af2d532ac8d7ed9514eb8782ae7882d53_icgraph.pdf Graphic
 file (type pdf)
<use execute__heredoc_8c_af2d532ac8d7ed9514eb8782ae7882d53_icgraph.pdf>
Package pdftex.def Info: execute__heredoc_8c_af2d532ac8d7ed9514eb8782ae7882d53_
icgraph.pdf  used on input line 45.
(pdftex.def)             Requested size: 350.0pt x 100.6494pt.

[109]
Underfull \hbox (badness 10000) detected at line 67
[][][]
 []

 <./execute__heredoc_8c_a61734da272c6333a0a363d43fa45a247_cgraph.pdf>
<execute__heredoc_8c_a61734da272c6333a0a363d43fa45a247_cgraph.pdf, id=4771, 307
.1475pt x 100.375pt>
File: execute__heredoc_8c_a61734da272c6333a0a363d43fa45a247_cgraph.pdf Graphic 
file (type pdf)
<use execute__heredoc_8c_a61734da272c6333a0a363d43fa45a247_cgraph.pdf>
Package pdftex.def Info: execute__heredoc_8c_a61734da272c6333a0a363d43fa45a247_
cgraph.pdf  used on input line 75.
(pdftex.def)             Requested size: 306.0pt x 100.00562pt.
)
(./execute__pipe_8c.tex <./execute__pipe_8c__incl.pdf

pdfTeX warning: pdflatex (file ./execute__pipe_8c__incl.pdf): PDF inclusion: mu
ltiple pdfs with page group included in a single page
>
<execute__pipe_8c__incl.pdf, id=4779, 793.96625pt x 448.67625pt>
File: execute__pipe_8c__incl.pdf Graphic file (type pdf)
<use execute__pipe_8c__incl.pdf>
Package pdftex.def Info: execute__pipe_8c__incl.pdf  used on input line 10.
(pdftex.def)             Requested size: 350.0pt x 197.78786pt.
 [110] <./execute__pipe_8c_a53a9f7fef2d5e37c1786689f9b45aec7_icgraph.pdf>
<execute__pipe_8c_a53a9f7fef2d5e37c1786689f9b45aec7_icgraph.pdf, id=4800, 588.1
975pt x 252.945pt>
File: execute__pipe_8c_a53a9f7fef2d5e37c1786689f9b45aec7_icgraph.pdf Graphic fi
le (type pdf)
<use execute__pipe_8c_a53a9f7fef2d5e37c1786689f9b45aec7_icgraph.pdf>
Package pdftex.def Info: execute__pipe_8c_a53a9f7fef2d5e37c1786689f9b45aec7_icg
raph.pdf  used on input line 45.
(pdftex.def)             Requested size: 350.0pt x 150.5138pt.
)
(./execute__redirect__in_8c.tex [111] <./execute__redirect__in_8c__incl.pdf>
<execute__redirect__in_8c__incl.pdf, id=4818, 793.96625pt x 448.67625pt>
File: execute__redirect__in_8c__incl.pdf Graphic file (type pdf)
<use execute__redirect__in_8c__incl.pdf>
Package pdftex.def Info: execute__redirect__in_8c__incl.pdf  used on input line
 10.
(pdftex.def)             Requested size: 350.0pt x 197.78786pt.

[112] <./execute__redirect__in_8c_a5b178a509aa9bb551adc2ebd9d26e8da_cgraph.pdf>
<execute__redirect__in_8c_a5b178a509aa9bb551adc2ebd9d26e8da_cgraph.pdf, id=4840
, 942.52126pt x 251.94125pt>
File: execute__redirect__in_8c_a5b178a509aa9bb551adc2ebd9d26e8da_cgraph.pdf Gra
phic file (type pdf)
<use execute__redirect__in_8c_a5b178a509aa9bb551adc2ebd9d26e8da_cgraph.pdf>
Package pdftex.def Info: execute__redirect__in_8c_a5b178a509aa9bb551adc2ebd9d26
e8da_cgraph.pdf  used on input line 55.
(pdftex.def)             Requested size: 350.0pt x 93.5551pt.
 <./execute__redirect__in_8c_a5b178a509aa9bb551adc2ebd9d26e8da_icgraph.pdf

pdfTeX warning: pdflatex (file ./execute__redirect__in_8c_a5b178a509aa9bb551adc
2ebd9d26e8da_icgraph.pdf): PDF inclusion: multiple pdfs with page group include
d in a single page
>
<execute__redirect__in_8c_a5b178a509aa9bb551adc2ebd9d26e8da_icgraph.pdf, id=485
6, 696.6025pt x 176.66pt>
File: execute__redirect__in_8c_a5b178a509aa9bb551adc2ebd9d26e8da_icgraph.pdf Gr
aphic file (type pdf)
<use execute__redirect__in_8c_a5b178a509aa9bb551adc2ebd9d26e8da_icgraph.pdf>
Package pdftex.def Info: execute__redirect__in_8c_a5b178a509aa9bb551adc2ebd9d26
e8da_icgraph.pdf  used on input line 63.
(pdftex.def)             Requested size: 350.0pt x 88.76108pt.
) (./execute__redirect__out_8c.tex <./execute__redirect__out_8c__incl.pdf

pdfTeX warning: pdflatex (file ./execute__redirect__out_8c__incl.pdf): PDF incl
usion: multiple pdfs with page group included in a single page
>
<execute__redirect__out_8c__incl.pdf, id=4864, 793.96625pt x 448.67625pt>
File: execute__redirect__out_8c__incl.pdf Graphic file (type pdf)
<use execute__redirect__out_8c__incl.pdf>
Package pdftex.def Info: execute__redirect__out_8c__incl.pdf  used on input lin
e 10.
(pdftex.def)             Requested size: 350.0pt x 197.78786pt.
 [113] <./execute__redirect__out_8c_a60b0ab10f687f85ac704dec45968f944_cgraph.pd
f>
<execute__redirect__out_8c_a60b0ab10f687f85ac704dec45968f944_cgraph.pdf, id=489
3, 949.5475pt x 251.94125pt>
File: execute__redirect__out_8c_a60b0ab10f687f85ac704dec45968f944_cgraph.pdf Gr
aphic file (type pdf)
<use execute__redirect__out_8c_a60b0ab10f687f85ac704dec45968f944_cgraph.pdf>
Package pdftex.def Info: execute__redirect__out_8c_a60b0ab10f687f85ac704dec4596
8f944_cgraph.pdf  used on input line 45.
(pdftex.def)             Requested size: 350.0pt x 92.86311pt.
 [114] <./execute__redirect__out_8c_a60b0ab10f687f85ac704dec45968f944_icgraph.p
df>
<execute__redirect__out_8c_a60b0ab10f687f85ac704dec45968f944_icgraph.pdf, id=49
17, 703.62875pt x 176.66pt>
File: execute__redirect__out_8c_a60b0ab10f687f85ac704dec45968f944_icgraph.pdf G
raphic file (type pdf)
<use execute__redirect__out_8c_a60b0ab10f687f85ac704dec45968f944_icgraph.pdf>
Package pdftex.def Info: execute__redirect__out_8c_a60b0ab10f687f85ac704dec4596
8f944_icgraph.pdf  used on input line 53.
(pdftex.def)             Requested size: 350.0pt x 87.87422pt.
) (./execute__utils_8c.tex <./execute__utils_8c__incl.pdf

pdfTeX warning: pdflatex (file ./execute__utils_8c__incl.pdf): PDF inclusion: m
ultiple pdfs with page group included in a single page
>
<execute__utils_8c__incl.pdf, id=4925, 793.96625pt x 448.67625pt>
File: execute__utils_8c__incl.pdf Graphic file (type pdf)
<use execute__utils_8c__incl.pdf>
Package pdftex.def Info: execute__utils_8c__incl.pdf  used on input line 10.
(pdftex.def)             Requested size: 350.0pt x 197.78786pt.
 [115]
Underfull \hbox (badness 10000) detected at line 42
[][][]
 []

 <./execute__utils_8c_a86765b7fa5c9fc51a9c3dbf93bdb77be_cgraph.pdf>
<execute__utils_8c_a86765b7fa5c9fc51a9c3dbf93bdb77be_cgraph.pdf, id=4950, 478.7
8876pt x 119.44624pt>
File: execute__utils_8c_a86765b7fa5c9fc51a9c3dbf93bdb77be_cgraph.pdf Graphic fi
le (type pdf)
<use execute__utils_8c_a86765b7fa5c9fc51a9c3dbf93bdb77be_cgraph.pdf>
Package pdftex.def Info: execute__utils_8c_a86765b7fa5c9fc51a9c3dbf93bdb77be_cg
raph.pdf  used on input line 50.
(pdftex.def)             Requested size: 350.0pt x 87.31714pt.
 [116]
Underfull \hbox (badness 10000) detected at line 72
[][][]
 []

 <./execute__utils_8c_a57e123669114e52b0f82b62e8729a0cd_cgraph.pdf>
<execute__utils_8c_a57e123669114e52b0f82b62e8729a0cd_cgraph.pdf, id=4975, 332.2
4126pt x 111.41624pt>
File: execute__utils_8c_a57e123669114e52b0f82b62e8729a0cd_cgraph.pdf Graphic fi
le (type pdf)
<use execute__utils_8c_a57e123669114e52b0f82b62e8729a0cd_cgraph.pdf>
Package pdftex.def Info: execute__utils_8c_a57e123669114e52b0f82b62e8729a0cd_cg
raph.pdf  used on input line 80.
(pdftex.def)             Requested size: 331.0pt x 111.00624pt.
 <./execute__utils_8c_a57e123669114e52b0f82b62e8729a0cd_icgraph.pdf

pdfTeX warning: pdflatex (file ./execute__utils_8c_a57e123669114e52b0f82b62e872
9a0cd_icgraph.pdf): PDF inclusion: multiple pdfs with page group included in a 
single page
>
<execute__utils_8c_a57e123669114e52b0f82b62e8729a0cd_icgraph.pdf, id=4990, 847.
165pt x 176.66pt>
File: execute__utils_8c_a57e123669114e52b0f82b62e8729a0cd_icgraph.pdf Graphic f
ile (type pdf)
<use execute__utils_8c_a57e123669114e52b0f82b62e8729a0cd_icgraph.pdf>
Package pdftex.def Info: execute__utils_8c_a57e123669114e52b0f82b62e8729a0cd_ic
graph.pdf  used on input line 88.
(pdftex.def)             Requested size: 350.0pt x 72.98366pt.
) (./main_8c.tex <./main_8c__incl.pdf

pdfTeX warning: pdflatex (file ./main_8c__incl.pdf): PDF inclusion: multiple pd
fs with page group included in a single page
>
<main_8c__incl.pdf, id=5005, 851.18pt x 437.635pt>
File: main_8c__incl.pdf Graphic file (type pdf)
<use main_8c__incl.pdf>
Package pdftex.def Info: main_8c__incl.pdf  used on input line 9.
(pdftex.def)             Requested size: 350.0pt x 179.95238pt.
 [117] <./main_8c_a7114ce0219e562acea157d47b543a1da_cgraph.pdf>
<main_8c_a7114ce0219e562acea157d47b543a1da_cgraph.pdf, id=5024, 1083.04625pt x 
599.23875pt>
File: main_8c_a7114ce0219e562acea157d47b543a1da_cgraph.pdf Graphic file (type p
df)
<use main_8c_a7114ce0219e562acea157d47b543a1da_cgraph.pdf>
Package pdftex.def Info: main_8c_a7114ce0219e562acea157d47b543a1da_cgraph.pdf  
used on input line 31.
(pdftex.def)             Requested size: 350.0pt x 193.65305pt.
)
(./ast__create_8c.tex <./ast__create_8c__incl.pdf

pdfTeX warning: pdflatex (file ./ast__create_8c__incl.pdf): PDF inclusion: mult
iple pdfs with page group included in a single page
>
<ast__create_8c__incl.pdf, id=5039, 724.7075pt x 336.25626pt>
File: ast__create_8c__incl.pdf Graphic file (type pdf)
<use ast__create_8c__incl.pdf>
Package pdftex.def Info: ast__create_8c__incl.pdf  used on input line 9.
(pdftex.def)             Requested size: 350.0pt x 162.39655pt.
 [118]
Underfull \hbox (badness 10000) detected at line 39
[][][]
 []

 <./ast__create_8c_a7c7a48992c516a9765476b5d9bb01f99_cgraph.pdf>
<ast__create_8c_a7c7a48992c516a9765476b5d9bb01f99_cgraph.pdf, id=5064, 717.6812
4pt x 157.58875pt>
File: ast__create_8c_a7c7a48992c516a9765476b5d9bb01f99_cgraph.pdf Graphic file 
(type pdf)
<use ast__create_8c_a7c7a48992c516a9765476b5d9bb01f99_cgraph.pdf>
Package pdftex.def Info: ast__create_8c_a7c7a48992c516a9765476b5d9bb01f99_cgrap
h.pdf  used on input line 47.
(pdftex.def)             Requested size: 350.0pt x 76.85365pt.
 <./ast__create_8c_a7c7a48992c516a9765476b5d9bb01f99_icgraph.pdf

pdfTeX warning: pdflatex (file ./ast__create_8c_a7c7a48992c516a9765476b5d9bb01f
99_icgraph.pdf): PDF inclusion: multiple pdfs with page group included in a sin
gle page
>
<ast__create_8c_a7c7a48992c516a9765476b5d9bb01f99_icgraph.pdf, id=5072, 356.331
25pt x 138.5175pt>
File: ast__create_8c_a7c7a48992c516a9765476b5d9bb01f99_icgraph.pdf Graphic file
 (type pdf)
<use ast__create_8c_a7c7a48992c516a9765476b5d9bb01f99_icgraph.pdf>
Package pdftex.def Info: ast__create_8c_a7c7a48992c516a9765476b5d9bb01f99_icgra
ph.pdf  used on input line 55.
(pdftex.def)             Requested size: 350.0pt x 136.06114pt.
 [119]
Underfull \hbox (badness 10000) detected at line 77
[][][]
 []

 <./ast__create_8c_a2ba12f80cc96195f3c07fbef882c41f8_icgraph.pdf>
<ast__create_8c_a2ba12f80cc96195f3c07fbef882c41f8_icgraph.pdf, id=5093, 911.405
pt x 233.87375pt>
File: ast__create_8c_a2ba12f80cc96195f3c07fbef882c41f8_icgraph.pdf Graphic file
 (type pdf)
<use ast__create_8c_a2ba12f80cc96195f3c07fbef882c41f8_icgraph.pdf>
Package pdftex.def Info: ast__create_8c_a2ba12f80cc96195f3c07fbef882c41f8_icgra
ph.pdf  used on input line 85.
(pdftex.def)             Requested size: 350.0pt x 89.81505pt.
)
(./ast__create__command_8c.tex <./ast__create__command_8c__incl.pdf

pdfTeX warning: pdflatex (file ./ast__create__command_8c__incl.pdf): PDF inclus
ion: multiple pdfs with page group included in a single page
>
<ast__create__command_8c__incl.pdf, id=5102, 724.7075pt x 336.25626pt>
File: ast__create__command_8c__incl.pdf Graphic file (type pdf)
<use ast__create__command_8c__incl.pdf>
Package pdftex.def Info: ast__create__command_8c__incl.pdf  used on input line 
9.
(pdftex.def)             Requested size: 350.0pt x 162.39655pt.
 [120] <./ast__create__command_8c_a7729393eddbf3cc99189f20ee2a8875f_cgraph.pdf>
<ast__create__command_8c_a7729393eddbf3cc99189f20ee2a8875f_cgraph.pdf, id=5123,
 336.25626pt x 100.375pt>
File: ast__create__command_8c_a7729393eddbf3cc99189f20ee2a8875f_cgraph.pdf Grap
hic file (type pdf)
<use ast__create__command_8c_a7729393eddbf3cc99189f20ee2a8875f_cgraph.pdf>
Package pdftex.def Info: ast__create__command_8c_a7729393eddbf3cc99189f20ee2a88
75f_cgraph.pdf  used on input line 35.
(pdftex.def)             Requested size: 335.0pt x 100.00102pt.
 <./ast__create__command_8c_a7729393eddbf3cc99189f20ee2a8875f_icgraph.pdf

pdfTeX warning: pdflatex (file ./ast__create__command_8c_a7729393eddbf3cc99189f
20ee2a8875f_icgraph.pdf): PDF inclusion: multiple pdfs with page group included
 in a single page
>
<ast__create__command_8c_a7729393eddbf3cc99189f20ee2a8875f_icgraph.pdf, id=5131
, 777.90625pt x 199.74625pt>
File: ast__create__command_8c_a7729393eddbf3cc99189f20ee2a8875f_icgraph.pdf Gra
phic file (type pdf)
<use ast__create__command_8c_a7729393eddbf3cc99189f20ee2a8875f_icgraph.pdf>
Package pdftex.def Info: ast__create__command_8c_a7729393eddbf3cc99189f20ee2a88
75f_icgraph.pdf  used on input line 43.
(pdftex.def)             Requested size: 350.0pt x 89.87279pt.
) (./ast__create__pipe_8c.tex <./ast__create__pipe_8c__incl.pdf

pdfTeX warning: pdflatex (file ./ast__create__pipe_8c__incl.pdf): PDF inclusion
: multiple pdfs with page group included in a single page
>
<ast__create__pipe_8c__incl.pdf, id=5139, 724.7075pt x 336.25626pt>
File: ast__create__pipe_8c__incl.pdf Graphic file (type pdf)
<use ast__create__pipe_8c__incl.pdf>
Package pdftex.def Info: ast__create__pipe_8c__incl.pdf  used on input line 9.
(pdftex.def)             Requested size: 350.0pt x 162.39655pt.
 [121] <./ast__create__pipe_8c_ad580b853b09af8c71108ad162c73b98b_cgraph.pdf>
<ast__create__pipe_8c_ad580b853b09af8c71108ad162c73b98b_cgraph.pdf, id=5161, 61
3.29124pt x 214.8025pt>
File: ast__create__pipe_8c_ad580b853b09af8c71108ad162c73b98b_cgraph.pdf Graphic
 file (type pdf)
<use ast__create__pipe_8c_ad580b853b09af8c71108ad162c73b98b_cgraph.pdf>
Package pdftex.def Info: ast__create__pipe_8c_ad580b853b09af8c71108ad162c73b98b
_cgraph.pdf  used on input line 35.
(pdftex.def)             Requested size: 350.0pt x 122.58618pt.
 <./ast__create__pipe_8c_ad580b853b09af8c71108ad162c73b98b_icgraph.pdf

pdfTeX warning: pdflatex (file ./ast__create__pipe_8c_ad580b853b09af8c71108ad16
2c73b98b_icgraph.pdf): PDF inclusion: multiple pdfs with page group included in
 a single page
>
<ast__create__pipe_8c_ad580b853b09af8c71108ad162c73b98b_icgraph.pdf, id=5169, 4
72.76625pt x 100.375pt>
File: ast__create__pipe_8c_ad580b853b09af8c71108ad162c73b98b_icgraph.pdf Graphi
c file (type pdf)
<use ast__create__pipe_8c_ad580b853b09af8c71108ad162c73b98b_icgraph.pdf>
Package pdftex.def Info: ast__create__pipe_8c_ad580b853b09af8c71108ad162c73b98b
_icgraph.pdf  used on input line 43.
(pdftex.def)             Requested size: 350.0pt x 74.31155pt.
) (./ast__create__redirect_8c.tex [122] <./ast__create__redirect_8c__incl.pdf>
<ast__create__redirect_8c__incl.pdf, id=5186, 725.71124pt x 336.25626pt>
File: ast__create__redirect_8c__incl.pdf Graphic file (type pdf)
<use ast__create__redirect_8c__incl.pdf>
Package pdftex.def Info: ast__create__redirect_8c__incl.pdf  used on input line
 10.
(pdftex.def)             Requested size: 350.0pt x 162.17592pt.
 <./ast__create__redirect_8c_af3adbca4bd20ec24f5073a1ba9dfa81f_cgraph.pdf

pdfTeX warning: pdflatex (file ./ast__create__redirect_8c_af3adbca4bd20ec24f507
3a1ba9dfa81f_cgraph.pdf): PDF inclusion: multiple pdfs with page group included
 in a single page
>
<ast__create__redirect_8c_af3adbca4bd20ec24f5073a1ba9dfa81f_cgraph.pdf, id=5199
, 482.80376pt x 119.44624pt>
File: ast__create__redirect_8c_af3adbca4bd20ec24f5073a1ba9dfa81f_cgraph.pdf Gra
phic file (type pdf)
<use ast__create__redirect_8c_af3adbca4bd20ec24f5073a1ba9dfa81f_cgraph.pdf>
Package pdftex.def Info: ast__create__redirect_8c_af3adbca4bd20ec24f5073a1ba9df
a81f_cgraph.pdf  used on input line 36.
(pdftex.def)             Requested size: 350.0pt x 86.59355pt.
 [123] <./ast__create__redirect_8c_af3adbca4bd20ec24f5073a1ba9dfa81f_icgraph.pd
f>
<ast__create__redirect_8c_af3adbca4bd20ec24f5073a1ba9dfa81f_icgraph.pdf, id=521
8, 619.31375pt x 100.375pt>
File: ast__create__redirect_8c_af3adbca4bd20ec24f5073a1ba9dfa81f_icgraph.pdf Gr
aphic file (type pdf)
<use ast__create__redirect_8c_af3adbca4bd20ec24f5073a1ba9dfa81f_icgraph.pdf>
Package pdftex.def Info: ast__create__redirect_8c_af3adbca4bd20ec24f5073a1ba9df
a81f_icgraph.pdf  used on input line 44.
(pdftex.def)             Requested size: 350.0pt x 56.72882pt.
) (./ast__create__redirect__in_8c.tex <./ast__create__redirect__in_8c__incl.pdf


pdfTeX warning: pdflatex (file ./ast__create__redirect__in_8c__incl.pdf): PDF i
nclusion: multiple pdfs with page group included in a single page
>
<ast__create__redirect__in_8c__incl.pdf, id=5226, 724.7075pt x 336.25626pt>
File: ast__create__redirect__in_8c__incl.pdf Graphic file (type pdf)
<use ast__create__redirect__in_8c__incl.pdf>
Package pdftex.def Info: ast__create__redirect__in_8c__incl.pdf  used on input 
line 9.
(pdftex.def)             Requested size: 350.0pt x 162.39655pt.
 [124] <./ast__create__redirect__in_8c_a9821b43b0ae13f746b1e0950c51b5d38_cgraph
.pdf>
<ast__create__redirect__in_8c_a9821b43b0ae13f746b1e0950c51b5d38_cgraph.pdf, id=
5249, 482.80376pt x 125.46875pt>
File: ast__create__redirect__in_8c_a9821b43b0ae13f746b1e0950c51b5d38_cgraph.pdf
 Graphic file (type pdf)
<use ast__create__redirect__in_8c_a9821b43b0ae13f746b1e0950c51b5d38_cgraph.pdf>

Package pdftex.def Info: ast__create__redirect__in_8c_a9821b43b0ae13f746b1e0950
c51b5d38_cgraph.pdf  used on input line 37.
(pdftex.def)             Requested size: 350.0pt x 90.95963pt.
) (./ast__create__redirect__out_8c.tex <./ast__create__redirect__out_8c__incl.p
df

pdfTeX warning: pdflatex (file ./ast__create__redirect__out_8c__incl.pdf): PDF 
inclusion: multiple pdfs with page group included in a single page
>
<ast__create__redirect__out_8c__incl.pdf, id=5257, 724.7075pt x 336.25626pt>
File: ast__create__redirect__out_8c__incl.pdf Graphic file (type pdf)
<use ast__create__redirect__out_8c__incl.pdf>
Package pdftex.def Info: ast__create__redirect__out_8c__incl.pdf  used on input
 line 9.
(pdftex.def)             Requested size: 350.0pt x 162.39655pt.
 [125] <./ast__create__redirect__out_8c_adf49ca3349e15c41345a81a0e1cd37e4_cgrap
h.pdf>
<ast__create__redirect__out_8c_adf49ca3349e15c41345a81a0e1cd37e4_cgraph.pdf, id
=5279, 482.80376pt x 125.46875pt>
File: ast__create__redirect__out_8c_adf49ca3349e15c41345a81a0e1cd37e4_cgraph.pd
f Graphic file (type pdf)
<use ast__create__redirect__out_8c_adf49ca3349e15c41345a81a0e1cd37e4_cgraph.pdf
>
Package pdftex.def Info: ast__create__redirect__out_8c_adf49ca3349e15c41345a81a
0e1cd37e4_cgraph.pdf  used on input line 37.
(pdftex.def)             Requested size: 350.0pt x 90.95963pt.
) (./ast__delete_8c.tex <./ast__delete_8c__incl.pdf

pdfTeX warning: pdflatex (file ./ast__delete_8c__incl.pdf): PDF inclusion: mult
iple pdfs with page group included in a single page
>
<ast__delete_8c__incl.pdf, id=5287, 724.7075pt x 336.25626pt>
File: ast__delete_8c__incl.pdf Graphic file (type pdf)
<use ast__delete_8c__incl.pdf>
Package pdftex.def Info: ast__delete_8c__incl.pdf  used on input line 9.
(pdftex.def)             Requested size: 350.0pt x 162.39655pt.
 [126] <./ast__delete_8c_a15b68b0db14296cb6280b97b6c203f65_cgraph.pdf>
<ast__delete_8c_a15b68b0db14296cb6280b97b6c203f65_cgraph.pdf, id=5307, 264.99pt
 x 100.375pt>
File: ast__delete_8c_a15b68b0db14296cb6280b97b6c203f65_cgraph.pdf Graphic file 
(type pdf)
<use ast__delete_8c_a15b68b0db14296cb6280b97b6c203f65_cgraph.pdf>
Package pdftex.def Info: ast__delete_8c_a15b68b0db14296cb6280b97b6c203f65_cgrap
h.pdf  used on input line 42.
(pdftex.def)             Requested size: 264.0pt x 100.00716pt.
 <./ast__delete_8c_a15b68b0db14296cb6280b97b6c203f65_icgraph.pdf

pdfTeX warning: pdflatex (file ./ast__delete_8c_a15b68b0db14296cb6280b97b6c203f
65_icgraph.pdf): PDF inclusion: multiple pdfs with page group included in a sin
gle page
>
<ast__delete_8c_a15b68b0db14296cb6280b97b6c203f65_icgraph.pdf, id=5315, 342.278
75pt x 100.375pt>
File: ast__delete_8c_a15b68b0db14296cb6280b97b6c203f65_icgraph.pdf Graphic file
 (type pdf)
<use ast__delete_8c_a15b68b0db14296cb6280b97b6c203f65_icgraph.pdf>
Package pdftex.def Info: ast__delete_8c_a15b68b0db14296cb6280b97b6c203f65_icgra
ph.pdf  used on input line 50.
(pdftex.def)             Requested size: 341.0pt x 100.00716pt.
) (./ast__utils_8c.tex) (./token__create_8c.tex <./token__create_8c__incl.pdf

pdfTeX warning: pdflatex (file ./token__create_8c__incl.pdf): PDF inclusion: mu
ltiple pdfs with page group included in a single page
>
<token__create_8c__incl.pdf, id=5323, 724.7075pt x 280.04625pt>
File: token__create_8c__incl.pdf Graphic file (type pdf)
<use token__create_8c__incl.pdf>
Package pdftex.def Info: token__create_8c__incl.pdf  used on input line 9.
(pdftex.def)             Requested size: 350.0pt x 135.24965pt.
 [127]
Underfull \hbox (badness 10000) detected at line 39
[][][]
 []

 <./token__create_8c_ad9934fc55f0f2d3446166ab2fea4db9b_icgraph.pdf>
<token__create_8c_ad9934fc55f0f2d3446166ab2fea4db9b_icgraph.pdf, id=5345, 610.2
8pt x 176.66pt>
File: token__create_8c_ad9934fc55f0f2d3446166ab2fea4db9b_icgraph.pdf Graphic fi
le (type pdf)
<use token__create_8c_ad9934fc55f0f2d3446166ab2fea4db9b_icgraph.pdf>
Package pdftex.def Info: token__create_8c_ad9934fc55f0f2d3446166ab2fea4db9b_icg
raph.pdf  used on input line 47.
(pdftex.def)             Requested size: 350.0pt x 101.31992pt.
)
(./token__create__arrow__handlers_8c.tex [128] <./token__create__arrow__handler
s_8c__incl.pdf>
<token__create__arrow__handlers_8c__incl.pdf, id=5362, 724.7075pt x 291.0875pt>

File: token__create__arrow__handlers_8c__incl.pdf Graphic file (type pdf)
<use token__create__arrow__handlers_8c__incl.pdf>
Package pdftex.def Info: token__create__arrow__handlers_8c__incl.pdf  used on i
nput line 9.
(pdftex.def)             Requested size: 350.0pt x 140.58208pt.
 [129] <./token__create__arrow__handlers_8c_a33f8cc0bef2a29ba635644252bea6f04_i
cgraph.pdf>
<token__create__arrow__handlers_8c_a33f8cc0bef2a29ba635644252bea6f04_icgraph.pd
f, id=5383, 618.31pt x 100.375pt>
File: token__create__arrow__handlers_8c_a33f8cc0bef2a29ba635644252bea6f04_icgra
ph.pdf Graphic file (type pdf)
<use token__create__arrow__handlers_8c_a33f8cc0bef2a29ba635644252bea6f04_icgrap
h.pdf>
Package pdftex.def Info: token__create__arrow__handlers_8c_a33f8cc0bef2a29ba635
644252bea6f04_icgraph.pdf  used on input line 44.
(pdftex.def)             Requested size: 350.0pt x 56.81918pt.
) (./token__create__handlers_8c.tex <./token__create__handlers_8c__incl.pdf

pdfTeX warning: pdflatex (file ./token__create__handlers_8c__incl.pdf): PDF inc
lusion: multiple pdfs with page group included in a single page
>
<token__create__handlers_8c__incl.pdf, id=5391, 724.7075pt x 280.04625pt>
File: token__create__handlers_8c__incl.pdf Graphic file (type pdf)
<use token__create__handlers_8c__incl.pdf>
Package pdftex.def Info: token__create__handlers_8c__incl.pdf  used on input li
ne 9.
(pdftex.def)             Requested size: 350.0pt x 135.24965pt.
 [130] <./token__create__handlers_8c_a0a4cd44b57eb5b7ac08e82e2a43271c2_cgraph.p
df>
<token__create__handlers_8c_a0a4cd44b57eb5b7ac08e82e2a43271c2_cgraph.pdf, id=54
22, 291.0875pt x 176.66pt>
File: token__create__handlers_8c_a0a4cd44b57eb5b7ac08e82e2a43271c2_cgraph.pdf G
raphic file (type pdf)
<use token__create__handlers_8c_a0a4cd44b57eb5b7ac08e82e2a43271c2_cgraph.pdf>
Package pdftex.def Info: token__create__handlers_8c_a0a4cd44b57eb5b7ac08e82e2a4
3271c2_cgraph.pdf  used on input line 52.
(pdftex.def)             Requested size: 290.0pt x 176.0126pt.
 <./token__create__handlers_8c_a0a4cd44b57eb5b7ac08e82e2a43271c2_icgraph.pdf

pdfTeX warning: pdflatex (file ./token__create__handlers_8c_a0a4cd44b57eb5b7ac0
8e82e2a43271c2_icgraph.pdf): PDF inclusion: multiple pdfs with page group inclu
ded in a single page
>
<token__create__handlers_8c_a0a4cd44b57eb5b7ac08e82e2a43271c2_icgraph.pdf, id=5
430, 457.71pt x 100.375pt>
File: token__create__handlers_8c_a0a4cd44b57eb5b7ac08e82e2a43271c2_icgraph.pdf 
Graphic file (type pdf)
<use token__create__handlers_8c_a0a4cd44b57eb5b7ac08e82e2a43271c2_icgraph.pdf>
Package pdftex.def Info: token__create__handlers_8c_a0a4cd44b57eb5b7ac08e82e2a4
3271c2_icgraph.pdf  used on input line 60.
(pdftex.def)             Requested size: 350.0pt x 76.7575pt.
 [131] <./token__create__handlers_8c_a3e99598307beae324369b66ec0794659_cgraph.p
df>
<token__create__handlers_8c_a3e99598307beae324369b66ec0794659_cgraph.pdf, id=54
48, 330.23375pt x 176.66pt>
File: token__create__handlers_8c_a3e99598307beae324369b66ec0794659_cgraph.pdf G
raphic file (type pdf)
<use token__create__handlers_8c_a3e99598307beae324369b66ec0794659_cgraph.pdf>
Package pdftex.def Info: token__create__handlers_8c_a3e99598307beae324369b66ec0
794659_cgraph.pdf  used on input line 87.
(pdftex.def)             Requested size: 329.0pt x 176.00722pt.
 <./token__create__handlers_8c_a3e99598307beae324369b66ec0794659_icgraph.pdf

pdfTeX warning: pdflatex (file ./token__create__handlers_8c_a3e99598307beae3243
69b66ec0794659_icgraph.pdf): PDF inclusion: multiple pdfs with page group inclu
ded in a single page
>
<token__create__handlers_8c_a3e99598307beae324369b66ec0794659_icgraph.pdf, id=5
456, 493.845pt x 100.375pt>
File: token__create__handlers_8c_a3e99598307beae324369b66ec0794659_icgraph.pdf 
Graphic file (type pdf)
<use token__create__handlers_8c_a3e99598307beae324369b66ec0794659_icgraph.pdf>
Package pdftex.def Info: token__create__handlers_8c_a3e99598307beae324369b66ec0
794659_icgraph.pdf  used on input line 95.
(pdftex.def)             Requested size: 350.0pt x 71.13808pt.
 [132] <./token__create__handlers_8c_af7cf00954aab4c0c7cc1c6d51a1b11b7_cgraph.p
df>
<token__create__handlers_8c_af7cf00954aab4c0c7cc1c6d51a1b11b7_cgraph.pdf, id=54
73, 294.09875pt x 176.66pt>
File: token__create__handlers_8c_af7cf00954aab4c0c7cc1c6d51a1b11b7_cgraph.pdf G
raphic file (type pdf)
<use token__create__handlers_8c_af7cf00954aab4c0c7cc1c6d51a1b11b7_cgraph.pdf>
Package pdftex.def Info: token__create__handlers_8c_af7cf00954aab4c0c7cc1c6d51a
1b11b7_cgraph.pdf  used on input line 122.
(pdftex.def)             Requested size: 293.0pt x 176.00183pt.
 <./token__create__handlers_8c_af7cf00954aab4c0c7cc1c6d51a1b11b7_icgraph.pdf

pdfTeX warning: pdflatex (file ./token__create__handlers_8c_af7cf00954aab4c0c7c
c1c6d51a1b11b7_icgraph.pdf): PDF inclusion: multiple pdfs with page group inclu
ded in a single page
>
<token__create__handlers_8c_af7cf00954aab4c0c7cc1c6d51a1b11b7_icgraph.pdf, id=5
481, 447.6725pt x 100.375pt>
File: token__create__handlers_8c_af7cf00954aab4c0c7cc1c6d51a1b11b7_icgraph.pdf 
Graphic file (type pdf)
<use token__create__handlers_8c_af7cf00954aab4c0c7cc1c6d51a1b11b7_icgraph.pdf>
Package pdftex.def Info: token__create__handlers_8c_af7cf00954aab4c0c7cc1c6d51a
1b11b7_icgraph.pdf  used on input line 130.
(pdftex.def)             Requested size: 350.0pt x 78.4775pt.
 <./token__create__handlers_8c_ade808b2e1b7bb69df684f3f26ada0c93_icgraph.pdf

pdfTeX warning: pdflatex (file ./token__create__handlers_8c_ade808b2e1b7bb69df6
84f3f26ada0c93_icgraph.pdf): PDF inclusion: multiple pdfs with page group inclu
ded in a single page
>
<token__create__handlers_8c_ade808b2e1b7bb69df684f3f26ada0c93_icgraph.pdf, id=5
491, 615.29875pt x 176.66pt>
File: token__create__handlers_8c_ade808b2e1b7bb69df684f3f26ada0c93_icgraph.pdf 
Graphic file (type pdf)
<use token__create__handlers_8c_ade808b2e1b7bb69df684f3f26ada0c93_icgraph.pdf>
Package pdftex.def Info: token__create__handlers_8c_ade808b2e1b7bb69df684f3f26a
da0c93_icgraph.pdf  used on input line 157.
(pdftex.def)             Requested size: 350.0pt x 100.48967pt.
) (./token__delete_8c.tex [133] <./token__delete_8c__incl.pdf>
<token__delete_8c__incl.pdf, id=5508, 724.7075pt x 280.04625pt>
File: token__delete_8c__incl.pdf Graphic file (type pdf)
<use token__delete_8c__incl.pdf>
Package pdftex.def Info: token__delete_8c__incl.pdf  used on input line 9.
(pdftex.def)             Requested size: 350.0pt x 135.24965pt.
 [134] <./token__delete_8c_a09ac0c422bd48b4b44d9c552897adcac_icgraph.pdf>
<token__delete_8c_a09ac0c422bd48b4b44d9c552897adcac_icgraph.pdf, id=5531, 487.8
225pt x 138.5175pt>
File: token__delete_8c_a09ac0c422bd48b4b44d9c552897adcac_icgraph.pdf Graphic fi
le (type pdf)
<use token__delete_8c_a09ac0c422bd48b4b44d9c552897adcac_icgraph.pdf>
Package pdftex.def Info: token__delete_8c_a09ac0c422bd48b4b44d9c552897adcac_icg
raph.pdf  used on input line 44.
(pdftex.def)             Requested size: 350.0pt x 99.38376pt.
 <./token__delete_8c_a0d5146987a56f3d8d3abec776727a9d6_cgraph.pdf

pdfTeX warning: pdflatex (file ./token__delete_8c_a0d5146987a56f3d8d3abec776727
a9d6_cgraph.pdf): PDF inclusion: multiple pdfs with page group included in a si
ngle page
>
<token__delete_8c_a0d5146987a56f3d8d3abec776727a9d6_cgraph.pdf, id=5540, 294.09
875pt x 100.375pt>
File: token__delete_8c_a0d5146987a56f3d8d3abec776727a9d6_cgraph.pdf Graphic fil
e (type pdf)
<use token__delete_8c_a0d5146987a56f3d8d3abec776727a9d6_cgraph.pdf>
Package pdftex.def Info: token__delete_8c_a0d5146987a56f3d8d3abec776727a9d6_cgr
aph.pdf  used on input line 69.
(pdftex.def)             Requested size: 293.0pt x 100.00102pt.
) (./token__utils_8c.tex <./token__utils_8c__incl.pdf

pdfTeX warning: pdflatex (file ./token__utils_8c__incl.pdf): PDF inclusion: mul
tiple pdfs with page group included in a single page
>
<token__utils_8c__incl.pdf, id=5548, 724.7075pt x 280.04625pt>
File: token__utils_8c__incl.pdf Graphic file (type pdf)
<use token__utils_8c__incl.pdf>
Package pdftex.def Info: token__utils_8c__incl.pdf  used on input line 9.
(pdftex.def)             Requested size: 350.0pt x 135.24965pt.
 [135] <./token__utils_8c_ac6205f59ae5f6727a093ccf4e82f19c6_cgraph.pdf>
<token__utils_8c_ac6205f59ae5f6727a093ccf4e82f19c6_cgraph.pdf, id=5572, 280.046
25pt x 100.375pt>
File: token__utils_8c_ac6205f59ae5f6727a093ccf4e82f19c6_cgraph.pdf Graphic file
 (type pdf)
<use token__utils_8c_ac6205f59ae5f6727a093ccf4e82f19c6_cgraph.pdf>
Package pdftex.def Info: token__utils_8c_ac6205f59ae5f6727a093ccf4e82f19c6_cgra
ph.pdf  used on input line 44.
(pdftex.def)             Requested size: 279.0pt x 100.00409pt.

[136] <./token__utils_8c_a52689ed879208a78d3f6469f95c99518_icgraph.pdf>
<token__utils_8c_a52689ed879208a78d3f6469f95c99518_icgraph.pdf, id=5592, 280.04
625pt x 100.375pt>
File: token__utils_8c_a52689ed879208a78d3f6469f95c99518_icgraph.pdf Graphic fil
e (type pdf)
<use token__utils_8c_a52689ed879208a78d3f6469f95c99518_icgraph.pdf>
Package pdftex.def Info: token__utils_8c_a52689ed879208a78d3f6469f95c99518_icgr
aph.pdf  used on input line 69.
(pdftex.def)             Requested size: 279.0pt x 100.00409pt.
)
(./tokenise_8c.tex <./tokenise_8c__incl.pdf

pdfTeX warning: pdflatex (file ./tokenise_8c__incl.pdf): PDF inclusion: multipl
e pdfs with page group included in a single page
>
<tokenise_8c__incl.pdf, id=5600, 724.7075pt x 280.04625pt>
File: tokenise_8c__incl.pdf Graphic file (type pdf)
<use tokenise_8c__incl.pdf>
Package pdftex.def Info: tokenise_8c__incl.pdf  used on input line 9.
(pdftex.def)             Requested size: 350.0pt x 135.24965pt.
 [137]
Underfull \hbox (badness 10000) detected at line 30
[][][]
 []

 <./tokenise_8c_a0cd7f312eb96538a7291e9c5137e7d67_cgraph.pdf>
<tokenise_8c_a0cd7f312eb96538a7291e9c5137e7d67_cgraph.pdf, id=5621, 434.62375pt
 x 252.945pt>
File: tokenise_8c_a0cd7f312eb96538a7291e9c5137e7d67_cgraph.pdf Graphic file (ty
pe pdf)
<use tokenise_8c_a0cd7f312eb96538a7291e9c5137e7d67_cgraph.pdf>
Package pdftex.def Info: tokenise_8c_a0cd7f312eb96538a7291e9c5137e7d67_cgraph.p
df  used on input line 38.
(pdftex.def)             Requested size: 350.0pt x 203.70714pt.
 <./tokenise_8c_a0cd7f312eb96538a7291e9c5137e7d67_icgraph.pdf

pdfTeX warning: pdflatex (file ./tokenise_8c_a0cd7f312eb96538a7291e9c5137e7d67_
icgraph.pdf): PDF inclusion: multiple pdfs with page group included in a single
 page
>
<tokenise_8c_a0cd7f312eb96538a7291e9c5137e7d67_icgraph.pdf, id=5629, 332.24126p
t x 100.375pt>
File: tokenise_8c_a0cd7f312eb96538a7291e9c5137e7d67_icgraph.pdf Graphic file (t
ype pdf)
<use tokenise_8c_a0cd7f312eb96538a7291e9c5137e7d67_icgraph.pdf>
Package pdftex.def Info: tokenise_8c_a0cd7f312eb96538a7291e9c5137e7d67_icgraph.
pdf  used on input line 46.
(pdftex.def)             Requested size: 331.0pt x 100.00562pt.
) (./tokenise__ext_8c.tex <./tokenise__ext_8c__incl.pdf

pdfTeX warning: pdflatex (file ./tokenise__ext_8c__incl.pdf): PDF inclusion: mu
ltiple pdfs with page group included in a single page
>
<tokenise__ext_8c__incl.pdf, id=5637, 724.7075pt x 280.04625pt>
File: tokenise__ext_8c__incl.pdf Graphic file (type pdf)
<use tokenise__ext_8c__incl.pdf>
Package pdftex.def Info: tokenise__ext_8c__incl.pdf  used on input line 9.
(pdftex.def)             Requested size: 350.0pt x 135.24965pt.
 [138]
Underfull \hbox (badness 10000) detected at line 37
[][][]
 []

) (./utils_8c.tex <./utils_8c__incl.pdf>
<utils_8c__incl.pdf, id=5655, 847.165pt x 437.635pt>
File: utils_8c__incl.pdf Graphic file (type pdf)
<use utils_8c__incl.pdf>
Package pdftex.def Info: utils_8c__incl.pdf  used on input line 11.
(pdftex.def)             Requested size: 350.0pt x 180.80045pt.
 [139] <./utils_8c_a086b54c63c0a606eda1f5ab03f5dc613_icgraph.pdf>
<utils_8c_a086b54c63c0a606eda1f5ab03f5dc613_icgraph.pdf, id=5683, 399.4925pt x 
111.41624pt>
File: utils_8c_a086b54c63c0a606eda1f5ab03f5dc613_icgraph.pdf Graphic file (type
 pdf)
<use utils_8c_a086b54c63c0a606eda1f5ab03f5dc613_icgraph.pdf>
Package pdftex.def Info: utils_8c_a086b54c63c0a606eda1f5ab03f5dc613_icgraph.pdf
  used on input line 49.
(pdftex.def)             Requested size: 350.0pt x 97.61816pt.
 [140] <./utils_8c_a82e1a101ee1ac2cf215d1ae85a229b2a_cgraph.pdf>
<utils_8c_a82e1a101ee1ac2cf215d1ae85a229b2a_cgraph.pdf, id=5707, 334.24875pt x 
150.5625pt>
File: utils_8c_a82e1a101ee1ac2cf215d1ae85a229b2a_cgraph.pdf Graphic file (type 
pdf)
<use utils_8c_a82e1a101ee1ac2cf215d1ae85a229b2a_cgraph.pdf>
Package pdftex.def Info: utils_8c_a82e1a101ee1ac2cf215d1ae85a229b2a_cgraph.pdf 
 used on input line 74.
(pdftex.def)             Requested size: 333.0pt x 150.01303pt.
 <./utils_8c_a82e1a101ee1ac2cf215d1ae85a229b2a_icgraph.pdf

pdfTeX warning: pdflatex (file ./utils_8c_a82e1a101ee1ac2cf215d1ae85a229b2a_icg
raph.pdf): PDF inclusion: multiple pdfs with page group included in a single pa
ge
>
<utils_8c_a82e1a101ee1ac2cf215d1ae85a229b2a_icgraph.pdf, id=5715, 246.9225pt x 
100.375pt>
File: utils_8c_a82e1a101ee1ac2cf215d1ae85a229b2a_icgraph.pdf Graphic file (type
 pdf)
<use utils_8c_a82e1a101ee1ac2cf215d1ae85a229b2a_icgraph.pdf>
Package pdftex.def Info: utils_8c_a82e1a101ee1ac2cf215d1ae85a229b2a_icgraph.pdf
  used on input line 82.
(pdftex.def)             Requested size: 246.0pt x 99.9995pt.
 [141]
Underfull \hbox (badness 10000) detected at line 103
[][][]
 []

 <./utils_8c_a71fd607967a09a5920d287948cf3c09c_icgraph.pdf>
<utils_8c_a71fd607967a09a5920d287948cf3c09c_icgraph.pdf, id=5733, 582.175pt x 1
19.44624pt>
File: utils_8c_a71fd607967a09a5920d287948cf3c09c_icgraph.pdf Graphic file (type
 pdf)
<use utils_8c_a71fd607967a09a5920d287948cf3c09c_icgraph.pdf>
Package pdftex.def Info: utils_8c_a71fd607967a09a5920d287948cf3c09c_icgraph.pdf
  used on input line 111.
(pdftex.def)             Requested size: 350.0pt x 71.81227pt.
 [142] <./utils_8c_a996dc7a5fcf46eadf1715ad1426c7094_icgraph.pdf>
<utils_8c_a996dc7a5fcf46eadf1715ad1426c7094_icgraph.pdf, id=5749, 562.1pt x 100
.375pt>
File: utils_8c_a996dc7a5fcf46eadf1715ad1426c7094_icgraph.pdf Graphic file (type
 pdf)
<use utils_8c_a996dc7a5fcf46eadf1715ad1426c7094_icgraph.pdf>
Package pdftex.def Info: utils_8c_a996dc7a5fcf46eadf1715ad1426c7094_icgraph.pdf
  used on input line 140.
(pdftex.def)             Requested size: 350.0pt x 62.49988pt.

Underfull \hbox (badness 10000) detected at line 162
[][][]
 []

 <./utils_8c_a1f2ff2312e5994560c9537cd9173be94_icgraph.pdf

pdfTeX warning: pdflatex (file ./utils_8c_a1f2ff2312e5994560c9537cd9173be94_icg
raph.pdf): PDF inclusion: multiple pdfs with page group included in a single pa
ge
>
<utils_8c_a1f2ff2312e5994560c9537cd9173be94_icgraph.pdf, id=5757, 608.2725pt x 
367.3725pt>
File: utils_8c_a1f2ff2312e5994560c9537cd9173be94_icgraph.pdf Graphic file (type
 pdf)
<use utils_8c_a1f2ff2312e5994560c9537cd9173be94_icgraph.pdf>
Package pdftex.def Info: utils_8c_a1f2ff2312e5994560c9537cd9173be94_icgraph.pdf
  used on input line 170.
(pdftex.def)             Requested size: 350.0pt x 211.38889pt.
 [143] <./utils_8c_ad3c75f2a3269bddd35b1bf10b1dee31a_cgraph.pdf>
<utils_8c_ad3c75f2a3269bddd35b1bf10b1dee31a_cgraph.pdf, id=5781, 963.6pt x 596.
2275pt>
File: utils_8c_ad3c75f2a3269bddd35b1bf10b1dee31a_cgraph.pdf Graphic file (type 
pdf)
<use utils_8c_ad3c75f2a3269bddd35b1bf10b1dee31a_cgraph.pdf>
Package pdftex.def Info: utils_8c_ad3c75f2a3269bddd35b1bf10b1dee31a_cgraph.pdf 
 used on input line 195.
(pdftex.def)             Requested size: 350.0pt x 216.56134pt.
 [144] <./utils_8c_ad3c75f2a3269bddd35b1bf10b1dee31a_icgraph.pdf>
<utils_8c_ad3c75f2a3269bddd35b1bf10b1dee31a_icgraph.pdf, id=5803, 237.88875pt x
 100.375pt>
File: utils_8c_ad3c75f2a3269bddd35b1bf10b1dee31a_icgraph.pdf Graphic file (type
 pdf)
<use utils_8c_ad3c75f2a3269bddd35b1bf10b1dee31a_icgraph.pdf>
Package pdftex.def Info: utils_8c_ad3c75f2a3269bddd35b1bf10b1dee31a_icgraph.pdf
  used on input line 203.
(pdftex.def)             Requested size: 237.0pt x 100.00409pt.
 <./utils_8c_a76a506928b6073a8fc13a07641e7fc40_cgraph.pdf

pdfTeX warning: pdflatex (file ./utils_8c_a76a506928b6073a8fc13a07641e7fc40_cgr
aph.pdf): PDF inclusion: multiple pdfs with page group included in a single pag
e
>
<utils_8c_a76a506928b6073a8fc13a07641e7fc40_cgraph.pdf, id=5813, 497.86pt x 111
.41624pt>
File: utils_8c_a76a506928b6073a8fc13a07641e7fc40_cgraph.pdf Graphic file (type 
pdf)
<use utils_8c_a76a506928b6073a8fc13a07641e7fc40_cgraph.pdf>
Package pdftex.def Info: utils_8c_a76a506928b6073a8fc13a07641e7fc40_cgraph.pdf 
 used on input line 230.
(pdftex.def)             Requested size: 350.0pt x 78.32744pt.
 [145] <./utils_8c_a76a506928b6073a8fc13a07641e7fc40_icgraph.pdf>
<utils_8c_a76a506928b6073a8fc13a07641e7fc40_icgraph.pdf, id=5829, 218.8175pt x 
100.375pt>
File: utils_8c_a76a506928b6073a8fc13a07641e7fc40_icgraph.pdf Graphic file (type
 pdf)
<use utils_8c_a76a506928b6073a8fc13a07641e7fc40_icgraph.pdf>
Package pdftex.def Info: utils_8c_a76a506928b6073a8fc13a07641e7fc40_icgraph.pdf
  used on input line 238.
(pdftex.def)             Requested size: 218.0pt x 100.00102pt.
) [146]
(./refman.ind [147



] [148] [149] [150] [151] [152

]) (./refman.aux)
Package rerunfilecheck Info: File `refman.out' has not changed.
(rerunfilecheck)             Checksum: 7E5B1420819D2C85B371D6DDBFAF5372;70721.
 ) 
Here is how much of TeX's memory you used:
 20144 strings out of 481252
 372767 string characters out of 5915888
 671529 words of memory out of 5000000
 35492 multiletter control sequences out of 15000+600000
 463595 words of font info for 105 fonts, out of 8000000 for 9000
 14 hyphenation exceptions out of 8191
 112i,16n,117p,767b,639s stack positions out of 5000i,500n,10000p,200000b,80000s
{/usr/share/texlive/texmf-dist/fonts/enc/dvips/base/8r.enc}</usr/share/texliv
e/texmf-dist/fonts/type1/public/amsfonts/cm/cmmi10.pfb></usr/share/texlive/texm
f-dist/fonts/type1/public/amsfonts/cm/cmmi7.pfb></usr/share/texlive/texmf-dist/
fonts/type1/public/amsfonts/cm/cmmi8.pfb></usr/share/texlive/texmf-dist/fonts/t
ype1/public/amsfonts/cm/cmsy10.pfb></usr/share/texlive/texmf-dist/fonts/type1/p
ublic/amsfonts/cm/cmsy7.pfb></usr/share/texlive/texmf-dist/fonts/type1/public/a
msfonts/cm/cmsy8.pfb></usr/share/texlive/texmf-dist/fonts/type1/public/amsfonts
/cm/cmsy9.pfb></usr/share/texlive/texmf-dist/fonts/type1/urw/courier/ucrr8a.pfb
></usr/share/texlive/texmf-dist/fonts/type1/urw/courier/ucrro8a.pfb></usr/share
/texlive/texmf-dist/fonts/type1/urw/helvetic/uhvb8a.pfb></usr/share/texlive/tex
mf-dist/fonts/type1/urw/helvetic/uhvb8ac.pfb></usr/share/texlive/texmf-dist/fon
ts/type1/urw/helvetic/uhvr8a.pfb></usr/share/texlive/texmf-dist/fonts/type1/urw
/helvetic/uhvro8a.pfb>
Output written on refman.pdf (162 pages, 2056855 bytes).
PDF statistics:
 6596 PDF objects out of 7423 (max. 8388607)
 5604 compressed objects within 57 object streams
 1153 named destinations out of 1200 (max. 500000)
 3662 words of extra memory for PDF output out of 10000 (max. 10000000)

